state,district,incumbent,favored,confidence,nom_R,nom_D,nom_I,turnout_cvap,VOTER_POWER
CT,CT-HD-1,D,D,Safe,FALSE,FALSE,FALSE,8256,-7.48E-07
CT,CT-HD-2,D,D,Lean,FALSE,FALSE,FALSE,9538,-2.77E-06
CT,CT-HD-3,D,D,Safe,FALSE,FALSE,FALSE,7240,-8.53E-07
CT,CT-HD-4,D,D,Safe,FALSE,FALSE,FALSE,8519,-7.25E-07
CT,CT-HD-5,D,D,Safe,FALSE,FALSE,FALSE,8851,-6.98E-07
CT,CT-HD-6,D,D,Safe,FALSE,FALSE,FALSE,7772,-7.95E-07
CT,CT-HD-7,D,D,Safe,FALSE,FALSE,FALSE,8094,-7.63E-07
CT,CT-HD-8,R,R,Safe,FALSE,FALSE,FALSE,10020,-5.95E-08
CT,CT-HD-9,D,D,Safe,FALSE,FALSE,FALSE,9241,-6.69E-07
CT,CT-HD-10,D,D,Safe,FALSE,FALSE,FALSE,8584,-7.20E-07
CT,CT-HD-11,D,D,Safe,FALSE,FALSE,FALSE,8227,-7.51E-07
CT,CT-HD-12,D,D,Safe,FALSE,FALSE,FALSE,9895,-6.24E-07
CT,CT-HD-13,D,D,Safe,FALSE,FALSE,FALSE,9273,-6.66E-07
CT,CT-HD-14,R,R,Likely,FALSE,FALSE,FALSE,9425,-2.39E-07
CT,CT-HD-15,D,D,Safe,FALSE,FALSE,FALSE,10125,-6.10E-07
CT,CT-HD-16,D,D,Safe,FALSE,FALSE,FALSE,9717,-6.36E-07
CT,CT-HD-17,FALSE,FALSE,Toss-Up,FALSE,FALSE,FALSE,9184,-1.88E-06
CT,CT-HD-18,D,D,Safe,FALSE,FALSE,FALSE,9471,-6.52E-07
CT,CT-HD-19,D,D,Safe,FALSE,FALSE,FALSE,9227,-6.70E-07
CT,CT-HD-20,D,D,Safe,FALSE,FALSE,FALSE,8708,-7.10E-07
CT,CT-HD-21,D,D,Lean,FALSE,FALSE,FALSE,9352,-2.83E-06
CT,CT-HD-22,R,R,Safe,FALSE,FALSE,FALSE,9260,-6.44E-08
CT,CT-HD-23,R,R,Likely,FALSE,FALSE,FALSE,10025,-2.25E-07
CT,CT-HD-24,D,D,Safe,FALSE,FALSE,FALSE,8573,-7.21E-07
CT,CT-HD-25,D,D,Safe,FALSE,FALSE,FALSE,8500,-7.27E-07
CT,CT-HD-26,D,D,Safe,FALSE,FALSE,FALSE,9484,-6.51E-07
CT,CT-HD-27,D,D,Likely,FALSE,FALSE,FALSE,10168,-1.91E-06
CT,CT-HD-28,D,D,Likely,FALSE,FALSE,FALSE,9711,-2.00E-06
CT,CT-HD-29,D,D,Safe,FALSE,FALSE,FALSE,9722,-6.36E-07
CT,CT-HD-30,FALSE,FALSE,Toss-Up,FALSE,FALSE,FALSE,10766,-1.61E-06
CT,CT-HD-31,D,D,Tilt,FALSE,FALSE,FALSE,9684,-2.55E-06
CT,CT-HD-32,R,R,Likely,FALSE,FALSE,FALSE,9765,-2.31E-07
CT,CT-HD-33,D,D,Safe,FALSE,FALSE,FALSE,9976,-6.19E-07
CT,CT-HD-34,R,R,Lean,FALSE,FALSE,FALSE,9857,-5.23E-07
CT,CT-HD-35,R,R,Likely,FALSE,FALSE,FALSE,9920,-2.27E-07
CT,CT-HD-36,D,D,Lean,FALSE,FALSE,FALSE,10082,-2.62E-06
CT,CT-HD-37,R,R,Tilt,FALSE,FALSE,FALSE,9979,-9.89E-07
CT,CT-HD-38,R,R,Tilt,FALSE,FALSE,FALSE,10122,-9.75E-07
CT,CT-HD-39,D,D,Safe,FALSE,FALSE,FALSE,9038,-6.84E-07
CT,CT-HD-40,D,D,Safe,FALSE,FALSE,FALSE,9773,-6.32E-07
CT,CT-HD-41,D,D,Safe,FALSE,FALSE,FALSE,9035,-6.84E-07
CT,CT-HD-42,R,R,Safe,FALSE,FALSE,FALSE,10006,-5.96E-08
CT,CT-HD-43,D,D,Likely,FALSE,FALSE,FALSE,10268,-1.89E-06
CT,CT-HD-44,R,R,Safe,FALSE,FALSE,FALSE,10074,-5.92E-08
CT,CT-HD-45,R,R,Safe,FALSE,FALSE,FALSE,9517,-6.26E-08
CT,CT-HD-46,D,D,Safe,FALSE,FALSE,FALSE,9419,-6.56E-07
CT,CT-HD-47,R,R,Safe,FALSE,FALSE,FALSE,10331,-5.77E-08
CT,CT-HD-48,D,D,Safe,FALSE,FALSE,FALSE,9517,-6.49E-07
CT,CT-HD-49,D,D,Safe,FALSE,FALSE,FALSE,9368,-6.60E-07
CT,CT-HD-50,D,D,Likely,FALSE,FALSE,FALSE,9790,-1.98E-06
CT,CT-HD-51,R,R,Lean,FALSE,FALSE,FALSE,10003,-5.15E-07
CT,CT-HD-52,R,R,Safe,FALSE,FALSE,FALSE,10103,-5.90E-08
CT,CT-HD-53,D,D,Lean,FALSE,FALSE,FALSE,9944,-2.66E-06
CT,CT-HD-54,D,D,Safe,FALSE,FALSE,FALSE,10909,-5.66E-07
CT,CT-HD-55,R,R,Likely,FALSE,FALSE,FALSE,10063,-2.24E-07
CT,CT-HD-56,D,D,Lean,FALSE,FALSE,FALSE,10220,-2.59E-06
CT,CT-HD-57,R,R,Safe,FALSE,FALSE,FALSE,9892,-6.03E-08
CT,CT-HD-58,D,D,Lean,FALSE,FALSE,FALSE,10014,-2.64E-06
CT,CT-HD-59,R,R,Likely,FALSE,FALSE,FALSE,10130,-2.22E-07
CT,CT-HD-60,D,D,Lean,FALSE,FALSE,FALSE,9487,-2.79E-06
CT,CT-HD-61,R,R,Safe,FALSE,FALSE,FALSE,9825,-6.07E-08
CT,CT-HD-62,R,R,Safe,FALSE,FALSE,FALSE,9868,-6.04E-08
CT,CT-HD-63,R,R,Safe,FALSE,FALSE,FALSE,9700,-6.15E-08
CT,CT-HD-64,D,D,Tilt,FALSE,FALSE,FALSE,9522,-2.59E-06
CT,CT-HD-65,D,D,Lean,FALSE,FALSE,FALSE,8786,-3.01E-06
CT,CT-HD-66,R,R,Safe,FALSE,FALSE,FALSE,9468,-6.30E-08
CT,CT-HD-67,R,R,Safe,FALSE,FALSE,FALSE,9368,-6.36E-08
CT,CT-HD-68,R,R,Safe,FALSE,FALSE,FALSE,9606,-6.21E-08
CT,CT-HD-69,R,R,Safe,FALSE,FALSE,FALSE,10409,-5.73E-08
CT,CT-HD-70,R,R,Safe,FALSE,FALSE,FALSE,9211,-6.47E-08
CT,CT-HD-71,R,R,Safe,FALSE,FALSE,FALSE,9335,-6.39E-08
CT,CT-HD-72,D,D,Safe,FALSE,FALSE,FALSE,8221,-7.52E-07
CT,CT-HD-73,D,D,Likely,FALSE,FALSE,FALSE,8792,-2.21E-06
CT,CT-HD-74,R,R,Lean,FALSE,FALSE,FALSE,8659,-5.95E-07
CT,CT-HD-75,D,D,Safe,FALSE,FALSE,FALSE,7948,-7.77E-07
CT,CT-HD-76,R,R,Safe,FALSE,FALSE,FALSE,10030,-5.94E-08
CT,CT-HD-77,D,D,Tilt,FALSE,FALSE,FALSE,10068,-2.45E-06
CT,CT-HD-78,R,R,Safe,FALSE,FALSE,FALSE,10195,-5.85E-08
CT,CT-HD-79,D,D,Likely,FALSE,FALSE,FALSE,9941,-1.95E-06
CT,CT-HD-80,R,R,Safe,FALSE,FALSE,FALSE,9568,-6.23E-08
CT,CT-HD-81,R,R,Safe,FALSE,FALSE,FALSE,9784,-6.09E-08
CT,CT-HD-82,D,D,Safe,FALSE,FALSE,FALSE,10542,-5.86E-07
CT,CT-HD-83,D,D,Tilt,FALSE,FALSE,FALSE,10801,-2.29E-06
CT,CT-HD-84,D,D,Safe,FALSE,FALSE,FALSE,8086,-7.64E-07
CT,CT-HD-85,D,D,Likely,FALSE,FALSE,FALSE,9876,-1.96E-06
CT,CT-HD-86,R,R,Safe,FALSE,FALSE,FALSE,9895,-6.02E-08
CT,CT-HD-87,R,R,Safe,FALSE,FALSE,FALSE,10117,-5.89E-08
CT,CT-HD-88,D,D,Safe,FALSE,FALSE,FALSE,10428,-5.93E-07
CT,CT-HD-89,R,R,Safe,FALSE,FALSE,FALSE,9554,-6.24E-08
CT,CT-HD-90,R,R,Lean,FALSE,FALSE,FALSE,9922,-5.19E-07
CT,CT-HD-91,D,D,Safe,FALSE,FALSE,FALSE,10282,-6.01E-07
CT,CT-HD-92,D,D,Safe,FALSE,FALSE,FALSE,9233,-6.69E-07
CT,CT-HD-93,D,D,Safe,FALSE,FALSE,FALSE,9398,-6.57E-07
CT,CT-HD-94,D,D,Safe,FALSE,FALSE,FALSE,8889,-6.95E-07
CT,CT-HD-95,D,D,Safe,FALSE,FALSE,FALSE,7199,-8.58E-07
CT,CT-HD-96,D,D,Safe,FALSE,FALSE,FALSE,9687,-6.38E-07
CT,CT-HD-97,D,D,Safe,FALSE,FALSE,FALSE,9276,-6.66E-07
CT,CT-HD-98,D,D,Safe,FALSE,FALSE,FALSE,9143,-6.76E-07
CT,CT-HD-99,R,R,Tilt,FALSE,FALSE,FALSE,9917,-9.95E-07
CT,CT-HD-100,D,D,Safe,FALSE,FALSE,FALSE,9306,-6.64E-07
CT,CT-HD-101,FALSE,FALSE,Toss-Up,FALSE,FALSE,FALSE,9414,-1.84E-06
CT,CT-HD-102,D,D,Likely,FALSE,FALSE,FALSE,10417,-1.86E-06
CT,CT-HD-103,D,D,Tilt,FALSE,FALSE,FALSE,9993,-2.47E-06
CT,CT-HD-104,D,D,Safe,FALSE,FALSE,FALSE,9330,-6.62E-07
CT,CT-HD-105,R,R,Safe,FALSE,FALSE,FALSE,9901,-6.02E-08
CT,CT-HD-106,FALSE,FALSE,Toss-Up,FALSE,FALSE,FALSE,9444,-1.83E-06
CT,CT-HD-107,R,R,Safe,FALSE,FALSE,FALSE,9876,-6.04E-08
CT,CT-HD-108,R,R,Safe,FALSE,FALSE,FALSE,9625,-6.19E-08
CT,CT-HD-109,D,D,Safe,FALSE,FALSE,FALSE,8281,-7.46E-07
CT,CT-HD-110,D,D,Safe,FALSE,FALSE,FALSE,6599,-9.36E-07
CT,CT-HD-111,R,R,Lean,FALSE,FALSE,FALSE,8805,-5.85E-07
CT,CT-HD-112,R,R,Safe,FALSE,FALSE,FALSE,8824,-6.76E-08
CT,CT-HD-113,R,R,Safe,FALSE,FALSE,FALSE,9825,-6.07E-08
CT,CT-HD-114,R,R,Safe,FALSE,FALSE,FALSE,8892,-6.70E-08
CT,CT-HD-115,D,D,Safe,FALSE,FALSE,FALSE,8724,-7.08E-07
CT,CT-HD-116,D,D,Safe,FALSE,FALSE,FALSE,7864,-7.86E-07
CT,CT-HD-117,R,R,Likely,FALSE,FALSE,FALSE,10290,-2.19E-07
CT,CT-HD-118,D,D,Safe,FALSE,FALSE,FALSE,9920,-6.23E-07
CT,CT-HD-119,R,R,Lean,FALSE,FALSE,FALSE,9879,-5.22E-07
CT,CT-HD-120,FALSE,FALSE,Toss-Up,FALSE,FALSE,FALSE,9809,-1.76E-06
CT,CT-HD-121,D,D,Safe,FALSE,FALSE,FALSE,9170,-6.74E-07
CT,CT-HD-122,R,R,Safe,FALSE,FALSE,FALSE,10663,-5.59E-08
CT,CT-HD-123,R,R,Safe,FALSE,FALSE,FALSE,9319,-6.40E-08
CT,CT-HD-124,D,D,Safe,FALSE,FALSE,FALSE,8286,-7.46E-07
CT,CT-HD-125,R,R,Likely,FALSE,FALSE,FALSE,8567,-2.63E-07
CT,CT-HD-126,D,D,Safe,FALSE,FALSE,FALSE,8732,-7.08E-07
CT,CT-HD-127,D,D,Safe,FALSE,FALSE,FALSE,8795,-7.03E-07
CT,CT-HD-128,D,D,Safe,FALSE,FALSE,FALSE,6304,-9.80E-07
CT,CT-HD-129,D,D,Safe,FALSE,FALSE,FALSE,8056,-7.67E-07
CT,CT-HD-130,D,D,Safe,FALSE,FALSE,FALSE,7513,-8.22E-07
CT,CT-HD-131,R,R,Safe,FALSE,FALSE,FALSE,9473,-6.29E-08
CT,CT-HD-132,R,R,Likely,FALSE,FALSE,FALSE,9476,-2.38E-07
CT,CT-HD-133,D,D,Safe,FALSE,FALSE,FALSE,9362,-6.60E-07
CT,CT-HD-134,R,R,Safe,FALSE,FALSE,FALSE,9425,-6.32E-08
CT,CT-HD-135,D,D,Lean,FALSE,FALSE,FALSE,9181,-2.88E-06
CT,CT-HD-136,D,D,Safe,FALSE,FALSE,FALSE,9303,-6.64E-07
CT,CT-HD-137,D,D,Safe,FALSE,FALSE,FALSE,8924,-6.92E-07
CT,CT-HD-138,D,D,Lean,FALSE,FALSE,FALSE,9627,-2.74E-06
CT,CT-HD-139,D,D,Lean,FALSE,FALSE,FALSE,9544,-2.77E-06
CT,CT-HD-140,D,D,Safe,FALSE,FALSE,FALSE,6699,-9.22E-07
CT,CT-HD-141,R,R,Likely,FALSE,FALSE,FALSE,8854,-2.54E-07
CT,CT-HD-142,D,D,Likely,FALSE,FALSE,FALSE,9784,-1.98E-06
CT,CT-HD-143,R,R,Lean,FALSE,FALSE,FALSE,9365,-5.50E-07
CT,CT-HD-144,D,D,Safe,FALSE,FALSE,FALSE,9106,-6.79E-07
CT,CT-HD-145,D,D,Safe,FALSE,FALSE,FALSE,6523,-9.47E-07
CT,CT-HD-146,D,D,Safe,FALSE,FALSE,FALSE,9168,-6.74E-07
CT,CT-HD-147,D,D,Likely,FALSE,FALSE,FALSE,8392,-2.31E-06
CT,CT-HD-148,D,D,Safe,FALSE,FALSE,FALSE,7542,-8.19E-07
CT,CT-HD-149,R,R,Likely,FALSE,FALSE,FALSE,9062,-2.49E-07
CT,CT-HD-150,D,D,Lean,FALSE,FALSE,FALSE,8086,-3.27E-06
CT,CT-HD-151,R,R,Likely,FALSE,FALSE,FALSE,7721,-2.92E-07
CT,CT-SD-1,D,D,Safe,FALSE,FALSE,FALSE,34015,-7.90E-07
CT,CT-SD-2,D,D,Safe,FALSE,FALSE,FALSE,36836,-7.30E-07
CT,CT-SD-3,D,D,Safe,FALSE,FALSE,FALSE,38453,-6.99E-07
CT,CT-SD-4,D,D,Likely,FALSE,FALSE,FALSE,38997,-2.28E-06
CT,CT-SD-5,D,D,Safe,FALSE,FALSE,FALSE,38559,-6.97E-07
CT,CT-SD-6,D,D,Lean,FALSE,FALSE,FALSE,36820,-3.53E-06
CT,CT-SD-7,R,R,Likely,FALSE,FALSE,FALSE,43391,-3.02E-07
CT,CT-SD-8,R,R,Likely,FALSE,FALSE,FALSE,38605,-3.40E-07
CT,CT-SD-9,D,D,Safe,FALSE,FALSE,FALSE,41671,-6.45E-07
CT,CT-SD-10,D,D,Safe,FALSE,FALSE,FALSE,34710,-7.75E-07
CT,CT-SD-11,D,D,Safe,FALSE,FALSE,FALSE,37691,-7.13E-07
CT,CT-SD-12,D,D,Lean,FALSE,FALSE,FALSE,40030,-3.24E-06
CT,CT-SD-13,D,D,Lean,FALSE,FALSE,FALSE,40890,-3.18E-06
CT,CT-SD-14,D,D,Tilt,FALSE,FALSE,FALSE,39611,-3.25E-06
CT,CT-SD-15,D,D,Safe,FALSE,FALSE,FALSE,36893,-7.29E-07
CT,CT-SD-16,R,R,Safe,FALSE,FALSE,FALSE,42139,-7.96E-08
CT,CT-SD-17,FALSE,FALSE,Toss-Up,FALSE,FALSE,FALSE,39213,-2.43E-06
CT,CT-SD-18,R,R,Likely,FALSE,FALSE,FALSE,42069,-3.12E-07
CT,CT-SD-19,D,D,Safe,FALSE,FALSE,FALSE,40763,-6.60E-07
CT,CT-SD-20,FALSE,FALSE,Toss-Up,FALSE,FALSE,FALSE,40168,-2.37E-06
CT,CT-SD-21,R,R,Safe,FALSE,FALSE,FALSE,41582,-8.07E-08
CT,CT-SD-22,D,D,Safe,FALSE,FALSE,FALSE,36777,-7.31E-07
CT,CT-SD-23,D,D,Safe,FALSE,FALSE,FALSE,31014,-8.67E-07
CT,CT-SD-24,D,D,Lean,FALSE,FALSE,FALSE,37320,-3.48E-06
CT,CT-SD-25,D,D,Safe,FALSE,FALSE,FALSE,35900,-7.49E-07
CT,CT-SD-26,D,D,Lean,FALSE,FALSE,FALSE,39952,-3.25E-06
CT,CT-SD-27,D,D,Safe,FALSE,FALSE,FALSE,35135,-7.65E-07
CT,CT-SD-28,R,R,Likely,FALSE,FALSE,FALSE,41139,-3.19E-07
CT,CT-SD-29,D,D,Likely,FALSE,FALSE,FALSE,43345,-2.05E-06
CT,CT-SD-30,R,R,Lean,FALSE,FALSE,FALSE,39408,-7.63E-07
CT,CT-SD-31,R,R,Safe,FALSE,FALSE,FALSE,42618,-7.87E-08
CT,CT-SD-32,R,R,Safe,FALSE,FALSE,FALSE,39097,-8.58E-08
CT,CT-SD-33,D,D,Tilt,FALSE,FALSE,FALSE,42315,-3.05E-06
CT,CT-SD-34,R,R,Safe,FALSE,FALSE,FALSE,41642,-8.06E-08
CT,CT-SD-35,R,R,Lean,FALSE,FALSE,FALSE,42583,-7.06E-07
CT,CT-SD-36,D,D,Tilt,FALSE,FALSE,FALSE,35451,-3.64E-06
FL,FL-HD-1,R,R,Safe,FALSE,FALSE,FALSE,71594,2.49E-07
FL,FL-HD-2,R,R,Safe,FALSE,FALSE,FALSE,69101,2.58E-07
FL,FL-HD-3,R,R,Safe,FALSE,FALSE,FALSE,75980,2.35E-07
FL,FL-HD-4,R,R,Safe,FALSE,FALSE,FALSE,73735,2.42E-07
FL,FL-HD-5,R,R,Safe,FALSE,FALSE,FALSE,73227,2.44E-07
FL,FL-HD-6,R,R,Safe,FALSE,FALSE,FALSE,73342,2.43E-07
FL,FL-HD-7,R,R,Safe,FALSE,FALSE,FALSE,68540,2.60E-07
FL,FL-HD-8,D,D,Safe,FALSE,FALSE,FALSE,70419,3.50E-08
FL,FL-HD-9,D,D,Safe,FALSE,FALSE,FALSE,70413,3.50E-08
FL,FL-HD-10,R,R,Safe,FALSE,FALSE,FALSE,68253,2.61E-07
FL,FL-HD-11,R,R,Safe,FALSE,FALSE,FALSE,73749,2.42E-07
FL,FL-HD-12,R,R,Safe,FALSE,FALSE,FALSE,66902,2.67E-07
FL,FL-HD-13,D,D,Safe,FALSE,FALSE,FALSE,65757,3.75E-08
FL,FL-HD-14,D,D,Safe,FALSE,FALSE,FALSE,69057,3.57E-08
FL,FL-HD-15,R,R,Tilt,FALSE,FALSE,FALSE,66288,1.35E-06
FL,FL-HD-16,R,R,Safe,FALSE,FALSE,FALSE,70011,2.55E-07
FL,FL-HD-17,R,R,Safe,FALSE,FALSE,FALSE,83268,2.14E-07
FL,FL-HD-18,R,R,Safe,FALSE,FALSE,FALSE,69699,2.56E-07
FL,FL-HD-19,R,R,Safe,FALSE,FALSE,FALSE,65514,2.72E-07
FL,FL-HD-20,D,D,Safe,FALSE,FALSE,FALSE,69947,3.52E-08
FL,FL-HD-21,R,R,Tilt,FALSE,FALSE,FALSE,73504,1.22E-06
FL,FL-HD-22,R,R,Safe,FALSE,FALSE,FALSE,72097,2.47E-07
FL,FL-HD-23,R,R,Safe,FALSE,FALSE,FALSE,70064,2.55E-07
FL,FL-HD-24,R,R,Safe,FALSE,FALSE,FALSE,78246,2.28E-07
FL,FL-HD-25,R,R,Safe,FALSE,FALSE,FALSE,76133,2.34E-07
FL,FL-HD-26,FALSE,FALSE,Toss-Up,FALSE,FALSE,FALSE,71631,9.43E-07
FL,FL-HD-27,R,R,Likely,FALSE,FALSE,FALSE,71471,8.33E-07
FL,FL-HD-28,R,R,Tilt,FALSE,FALSE,FALSE,71128,1.26E-06
FL,FL-HD-29,R,R,Tilt,FALSE,FALSE,FALSE,70305,1.28E-06
FL,FL-HD-30,D,D,Lean,FALSE,FALSE,FALSE,70391,3.06E-07
FL,FL-HD-31,R,R,Safe,FALSE,FALSE,FALSE,73674,2.42E-07
FL,FL-HD-32,R,R,Likely,FALSE,FALSE,FALSE,75553,7.88E-07
FL,FL-HD-33,R,R,Safe,FALSE,FALSE,FALSE,92609,1.93E-07
FL,FL-HD-34,R,R,Safe,FALSE,FALSE,FALSE,74006,2.41E-07
FL,FL-HD-35,R,R,Safe,FALSE,FALSE,FALSE,73548,2.42E-07
FL,FL-HD-36,R,R,Likely,FALSE,FALSE,FALSE,71550,8.32E-07
FL,FL-HD-37,R,R,Safe,FALSE,FALSE,FALSE,73289,2.43E-07
FL,FL-HD-38,R,R,Safe,FALSE,FALSE,FALSE,71443,2.50E-07
FL,FL-HD-39,R,R,Safe,FALSE,FALSE,FALSE,75072,2.38E-07
FL,FL-HD-40,R,R,Safe,FALSE,FALSE,FALSE,69417,2.57E-07
FL,FL-HD-41,R,R,Safe,FALSE,FALSE,FALSE,69838,2.55E-07
FL,FL-HD-42,R,R,Lean,FALSE,FALSE,FALSE,73339,1.21E-06
FL,FL-HD-43,D,D,Safe,FALSE,FALSE,FALSE,70969,3.47E-08
FL,FL-HD-44,D,D,Lean,FALSE,FALSE,FALSE,71354,3.02E-07
FL,FL-HD-45,D,D,Safe,FALSE,FALSE,FALSE,66798,3.69E-08
FL,FL-HD-46,D,D,Safe,FALSE,FALSE,FALSE,58907,4.18E-08
FL,FL-HD-47,D,D,Safe,FALSE,FALSE,FALSE,74193,3.32E-08
FL,FL-HD-48,D,D,Safe,FALSE,FALSE,FALSE,64205,3.84E-08
FL,FL-HD-49,D,D,Safe,FALSE,FALSE,FALSE,75837,3.25E-08
FL,FL-HD-50,R,R,Likely,FALSE,FALSE,FALSE,73121,8.15E-07
FL,FL-HD-51,R,R,Safe,FALSE,FALSE,FALSE,72147,2.47E-07
FL,FL-HD-52,R,R,Safe,FALSE,FALSE,FALSE,78648,2.27E-07
FL,FL-HD-53,R,R,Safe,FALSE,FALSE,FALSE,72340,2.47E-07
FL,FL-HD-54,R,R,Safe,FALSE,FALSE,FALSE,75533,2.36E-07
FL,FL-HD-55,R,R,Safe,FALSE,FALSE,FALSE,66595,2.68E-07
FL,FL-HD-56,R,R,Safe,FALSE,FALSE,FALSE,62139,2.87E-07
FL,FL-HD-57,R,R,Likely,FALSE,FALSE,FALSE,74894,7.95E-07
FL,FL-HD-58,R,R,Likely,FALSE,FALSE,FALSE,63362,9.40E-07
FL,FL-HD-59,FALSE,FALSE,Toss-Up,FALSE,FALSE,FALSE,72102,9.37E-07
FL,FL-HD-60,R,R,Tilt,FALSE,FALSE,FALSE,74749,1.20E-06
FL,FL-HD-61,D,D,Safe,FALSE,FALSE,FALSE,66190,3.72E-08
FL,FL-HD-62,D,D,Safe,FALSE,FALSE,FALSE,59526,4.14E-08
FL,FL-HD-63,D,D,Likely,FALSE,FALSE,FALSE,70587,1.34E-07
FL,FL-HD-64,R,R,Safe,FALSE,FALSE,FALSE,68644,2.60E-07
FL,FL-HD-65,R,R,Safe,FALSE,FALSE,FALSE,74760,2.39E-07
FL,FL-HD-66,R,R,Safe,FALSE,FALSE,FALSE,73015,2.44E-07
FL,FL-HD-67,R,R,Safe,FALSE,FALSE,FALSE,70330,2.54E-07
FL,FL-HD-68,D,D,Safe,FALSE,FALSE,FALSE,74090,3.33E-08
FL,FL-HD-69,D,D,Tilt,FALSE,FALSE,FALSE,74129,5.45E-07
FL,FL-HD-70,D,D,Safe,FALSE,FALSE,FALSE,65204,3.78E-08
FL,FL-HD-71,R,R,Safe,FALSE,FALSE,FALSE,75932,2.35E-07
FL,FL-HD-72,FALSE,FALSE,Toss-Up,FALSE,FALSE,FALSE,74232,9.10E-07
FL,FL-HD-73,R,R,Safe,FALSE,FALSE,FALSE,81538,2.19E-07
FL,FL-HD-74,R,R,Safe,FALSE,FALSE,FALSE,82537,2.16E-07
FL,FL-HD-75,R,R,Safe,FALSE,FALSE,FALSE,82423,2.16E-07
FL,FL-HD-76,R,R,Safe,FALSE,FALSE,FALSE,74578,2.39E-07
FL,FL-HD-77,R,R,Safe,FALSE,FALSE,FALSE,76901,2.32E-07
FL,FL-HD-78,R,R,Safe,FALSE,FALSE,FALSE,72535,2.46E-07
FL,FL-HD-79,R,R,Safe,FALSE,FALSE,FALSE,72060,2.47E-07
FL,FL-HD-80,R,R,Safe,FALSE,FALSE,FALSE,61835,2.88E-07
FL,FL-HD-81,D,D,Safe,FALSE,FALSE,FALSE,64814,3.80E-08
FL,FL-HD-82,R,R,Safe,FALSE,FALSE,FALSE,72711,2.45E-07
FL,FL-HD-83,R,R,Lean,FALSE,FALSE,FALSE,72273,1.22E-06
FL,FL-HD-84,D,D,Tilt,FALSE,FALSE,FALSE,70131,5.76E-07
FL,FL-HD-85,R,R,Likely,FALSE,FALSE,FALSE,73559,8.10E-07
FL,FL-HD-86,D,D,Safe,FALSE,FALSE,FALSE,66974,3.68E-08
FL,FL-HD-87,D,D,Safe,FALSE,FALSE,FALSE,47891,5.14E-08
FL,FL-HD-88,D,D,Safe,FALSE,FALSE,FALSE,63585,3.87E-08
FL,FL-HD-89,FALSE,FALSE,Toss-Up,FALSE,FALSE,FALSE,73428,9.20E-07
FL,FL-HD-90,D,D,Safe,FALSE,FALSE,FALSE,67563,3.65E-08
FL,FL-HD-91,D,D,Safe,FALSE,FALSE,FALSE,74651,3.30E-08
FL,FL-HD-92,D,D,Safe,FALSE,FALSE,FALSE,58589,4.21E-08
FL,FL-HD-93,R,R,Tilt,FALSE,FALSE,FALSE,68956,1.30E-06
FL,FL-HD-94,D,D,Safe,FALSE,FALSE,FALSE,64320,3.83E-08
FL,FL-HD-95,D,D,Safe,FALSE,FALSE,FALSE,54884,4.49E-08
FL,FL-HD-96,D,D,Safe,FALSE,FALSE,FALSE,66433,3.71E-08
FL,FL-HD-97,D,D,Safe,FALSE,FALSE,FALSE,62592,3.94E-08
FL,FL-HD-98,D,D,Safe,FALSE,FALSE,FALSE,64001,3.85E-08
FL,FL-HD-99,D,D,Safe,FALSE,FALSE,FALSE,65316,3.77E-08
FL,FL-HD-100,D,D,Safe,FALSE,FALSE,FALSE,60032,4.10E-08
FL,FL-HD-101,D,D,Safe,FALSE,FALSE,FALSE,61670,3.99E-08
FL,FL-HD-102,D,D,Safe,FALSE,FALSE,FALSE,61969,3.98E-08
FL,FL-HD-103,D,D,Lean,FALSE,FALSE,FALSE,57799,3.73E-07
FL,FL-HD-104,D,D,Safe,FALSE,FALSE,FALSE,60110,4.10E-08
FL,FL-HD-105,FALSE,FALSE,Toss-Up,FALSE,FALSE,FALSE,56299,1.20E-06
FL,FL-HD-106,R,R,Safe,FALSE,FALSE,FALSE,73677,2.42E-07
FL,FL-HD-107,D,D,Safe,FALSE,FALSE,FALSE,56165,4.39E-08
FL,FL-HD-108,D,D,Safe,FALSE,FALSE,FALSE,57988,4.25E-08
FL,FL-HD-109,D,D,Safe,FALSE,FALSE,FALSE,57355,4.30E-08
FL,FL-HD-110,R,R,Safe,FALSE,FALSE,FALSE,49025,3.64E-07
FL,FL-HD-111,R,R,Safe,FALSE,FALSE,FALSE,47676,3.74E-07
FL,FL-HD-112,D,D,Safe,FALSE,FALSE,FALSE,54398,4.53E-08
FL,FL-HD-113,D,D,Safe,FALSE,FALSE,FALSE,49759,4.95E-08
FL,FL-HD-114,D,D,Lean,FALSE,FALSE,FALSE,61176,3.52E-07
FL,FL-HD-115,FALSE,FALSE,Toss-Up,FALSE,FALSE,FALSE,58993,1.15E-06
FL,FL-HD-116,R,R,Safe,FALSE,FALSE,FALSE,55814,3.19E-07
FL,FL-HD-117,D,D,Safe,FALSE,FALSE,FALSE,53262,4.63E-08
FL,FL-HD-118,FALSE,FALSE,Toss-Up,FALSE,FALSE,FALSE,58993,1.15E-06
FL,FL-HD-119,R,R,Likely,FALSE,FALSE,FALSE,60210,9.89E-07
FL,FL-HD-120,R,R,Lean,FALSE,FALSE,FALSE,63471,1.39E-06
FL,FL-SD-1,R,R,Safe,FALSE,FALSE,FALSE,217184,1.08E-07
FL,FL-SD-3,D,D,Safe,FALSE,FALSE,FALSE,211975,7.49E-09
FL,FL-SD-5,R,R,Safe,FALSE,FALSE,FALSE,207531,1.14E-07
FL,FL-SD-7,R,R,Safe,FALSE,FALSE,FALSE,234290,1.01E-07
FL,FL-SD-9,R,R,Lean,FALSE,FALSE,FALSE,210149,3.68E-07
FL,FL-SD-11,D,D,Safe,FALSE,FALSE,FALSE,197297,8.05E-09
FL,FL-SD-13,D,D,Safe,FALSE,FALSE,FALSE,214448,7.41E-09
FL,FL-SD-15,D,D,Safe,FALSE,FALSE,FALSE,217535,7.30E-09
FL,FL-SD-17,R,R,Safe,FALSE,FALSE,FALSE,224422,1.05E-07
FL,FL-SD-19,D,D,Safe,FALSE,FALSE,FALSE,214682,7.40E-09
FL,FL-SD-21,R,R,Safe,FALSE,FALSE,FALSE,222566,1.06E-07
FL,FL-SD-23,R,R,Safe,FALSE,FALSE,FALSE,232557,1.01E-07
FL,FL-SD-25,R,R,Likely,FALSE,FALSE,FALSE,211062,3.10E-07
FL,FL-SD-27,R,R,Safe,FALSE,FALSE,FALSE,224218,1.05E-07
FL,FL-SD-29,D,D,Safe,FALSE,FALSE,FALSE,203578,7.80E-09
FL,FL-SD-31,D,D,Safe,FALSE,FALSE,FALSE,195708,8.12E-09
FL,FL-SD-33,D,D,Safe,FALSE,FALSE,FALSE,181352,8.76E-09
FL,FL-SD-35,D,D,Safe,FALSE,FALSE,FALSE,182837,8.69E-09
FL,FL-SD-37,D,D,Likely,FALSE,FALSE,FALSE,163441,3.89E-08
FL,FL-SD-39,FALSE,FALSE,Toss-Up,FALSE,FALSE,FALSE,174119,2.69E-07
GA,GA-HD-5,R,R,Safe,Matt Barton,Orianna Sanders,FALSE,20093,3.80E-07
GA,GA-HD-7,R,R,Safe,David Ralston,Rick Day,FALSE,23974,3.19E-07
GA,GA-HD-8,FALSE,R,Safe,TBA,Dave Cooper,FALSE,25074,3.05E-07
GA,GA-HD-9,FALSE,R,Safe,TBA,Sharon Ravert,FALSE,24416,3.13E-07
GA,GA-HD-10,FALSE,R,Safe,TBA,Nick Mitchell,FALSE,22296,3.43E-07
GA,GA-HD-11,FALSE,R,Safe,TBA,Kayla Hollifield,FALSE,22425,3.41E-07
GA,GA-HD-12,R,R,Safe,Eddie Lumsden,Jonathon Gilreath-Harvey,FALSE,21140,3.61E-07
GA,GA-HD-13,FALSE,R,Safe,TBA,J. Scott Fuller,FALSE,20069,3.81E-07
GA,GA-HD-16,FALSE,R,Safe,TBA,Lyndey Arrendale,FALSE,20679,3.69E-07
GA,GA-HD-17,R,R,Safe,Martin Momtahan,Q. Dailey,FALSE,22301,3.43E-07
GA,GA-HD-18,FALSE,R,Safe,TBA,Pat Rhudy,FALSE,21386,3.57E-07
GA,GA-HD-19,R,R,Safe,Joseph Gullett,Alison Feliciano,FALSE,23691,3.22E-07
GA,GA-HD-20,FALSE,R,Safe,TBA,Ginny LeNox,FALSE,22540,3.39E-07
GA,GA-HD-21,FALSE,R,Safe,TBA,William D Hughes,FALSE,21702,3.52E-07
GA,GA-HD-22,R,R,Safe,Wes Cantrell,TBA,FALSE,23774,3.21E-07
GA,GA-HD-24,R,R,Safe,Sheri Gilligan,Natalie Bucsko,FALSE,23233,3.29E-07
GA,GA-HD-25,R,R,Safe,Todd Jones,Christa Olenczak,FALSE,21509,3.55E-07
GA,GA-HD-26,FALSE,R,Safe,Lauren McDonald,Jason Boskey,FALSE,23602,3.24E-07
GA,GA-HD-29,R,R,Safe,Matt Dubnik,Pat Calmes,FALSE,16033,4.76E-07
GA,GA-HD-30,R,R,Safe,Emory Dunahoo,Leigh Miller,FALSE,20487,3.73E-07
GA,GA-HD-31,R,R,Safe,Tommy Benton,Pete Fuller,FALSE,22631,3.38E-07
GA,GA-HD-32,R,R,Safe,Alan Powell,Alisha Isom,FALSE,22591,3.38E-07
GA,GA-HD-33,FALSE,R,Safe,TBA,Kerry Dornell Hamm,FALSE,21541,3.55E-07
GA,GA-HD-34,R,R,Safe,Bert Reeves,Priscilla Smith,FALSE,23246,3.29E-07
GA,GA-HD-35,R,R,Lean,Ed Setzler,TBA,FALSE,20950,1.09E-06
GA,GA-HD-36,R,R,Safe,Ginny Ehrhart,James Ryner,FALSE,21988,3.47E-07
GA,GA-HD-37,D,D,Tilt,Rose Wing,Mary Williams,FALSE,20698,2.90E-07
GA,GA-HD-39,FALSE,D,Safe,Jim Hickey,TBA,FALSE,19783,1.85E-08
GA,GA-HD-40,D,D,Lean,Taryn Bowman,Erick Allen,FALSE,24397,1.25E-07
GA,GA-HD-41,D,D,Safe,Stephen George,Michael Smith,FALSE,18094,2.02E-08
GA,GA-HD-43,R,R,Tilt,Sharon Cooper,Luisa Wakeman,FALSE,21520,8.42E-07
GA,GA-HD-44,R,R,Likely,Don Parsons,Connie Diccio,FALSE,22566,8.97E-07
GA,GA-HD-45,R,R,Safe,Matt Dollar,Sara Ghazal,FALSE,20936,3.65E-07
GA,GA-HD-46,R,R,Safe,John Carson,TBA,FALSE,21686,3.52E-07
GA,GA-HD-47,R,R,Safe,Jan Jones,Anthia Carter,FALSE,21126,3.62E-07
GA,GA-HD-48,D,FALSE,Toss-Up,Betty Price,Mary Robichaux,FALSE,19033,5.91E-07
GA,GA-HD-49,R,R,Lean,Chuck Martin,Ken Lawler,FALSE,19387,1.17E-06
GA,GA-HD-50,D,FALSE,Toss-Up,Jay Lin,Angelika Kausche,FALSE,18252,6.16E-07
GA,GA-HD-51,D,D,Lean,Alex Kaufman,Josh McLaurin,FALSE,22063,1.39E-07
GA,GA-HD-52,R,R,Tilt,Deborah Silcox,Shea Roberts,FALSE,21255,8.52E-07
GA,GA-HD-54,D,D,Lean,TBA,Betsy Holland,FALSE,24028,1.27E-07
GA,GA-HD-55,D,D,Safe,Fred Quinn,Marie Metze,FALSE,26565,1.38E-08
GA,GA-HD-63,D,D,Safe,David Callahan,Debra Bazemore,FALSE,21450,1.71E-08
GA,GA-HD-66,D,D,Safe,Jason Jones,Kimberly Alexander,FALSE,22939,1.60E-08
GA,GA-HD-67,R,R,Safe,Micah Gravley,Angela Mayfield,FALSE,20048,3.81E-07
GA,GA-HD-68,R,R,Safe,J. Collins,Dominique Conteh,FALSE,22601,3.38E-07
GA,GA-HD-69,R,R,Safe,Randy Nix,Herbert Giles,FALSE,22607,3.38E-07
GA,GA-HD-71,FALSE,R,Safe,TBA,Jill Prouty,FALSE,22119,3.45E-07
GA,GA-HD-72,R,R,Safe,Josh Bonner,Fred Rovner,FALSE,21638,3.53E-07
GA,GA-HD-73,R,R,Safe,Karen Mathiak,William Harris,FALSE,22569,3.38E-07
GA,GA-HD-79,D,D,Lean,Andrea Johnson,Michael Wilensky,FALSE,18185,1.68E-07
GA,GA-HD-80,D,D,Lean,Alan Cole,Matthew Wilson,FALSE,20803,1.47E-07
GA,GA-HD-85,D,D,Safe,FALSE,Karla Drenner,Andrew Bell,19253,1.90E-08
GA,GA-HD-92,FALSE,D,Safe,FALSE,TBA,Raymond Davis,20637,1.77E-08
GA,GA-HD-93,FALSE,D,Safe,Hubert Owens,TBA,FALSE,21126,1.73E-08
GA,GA-HD-95,D,D,Lean,Erica McCurdy,Beth Moore,FALSE,20926,1.46E-07
GA,GA-HD-97,R,R,Likely,Bonnie Rich,Mary Campbell,FALSE,21268,9.52E-07
GA,GA-HD-98,R,R,Safe,David Clark,Taeho Cho,FALSE,21191,3.60E-07
GA,GA-HD-101,D,D,Safe,Carol Field,Sam Park,FALSE,19349,1.89E-08
GA,GA-HD-102,D,D,Tilt,Soo Hong,Gregg Kennard,FALSE,19994,3.01E-07
GA,GA-HD-103,FALSE,R,Safe,TBA,Clifton Marshall,FALSE,23166,3.30E-07
GA,GA-HD-104,R,R,Lean,Chuck Efstration,TBA,FALSE,22318,1.02E-06
GA,GA-HD-105,D,D,Likely,Eric Dierks,Donna McLeod,FALSE,22007,6.09E-08
GA,GA-HD-106,R,D,Lean,Brett Harrell,TBA,FALSE,20923,1.46E-07
GA,GA-HD-107,D,D,Likely,Michael McConnell,Shelly Hutchinson,FALSE,19167,6.99E-08
GA,GA-HD-108,D,D,Lean,Johnny Crist,Jasmine Clark,FALSE,19073,1.61E-07
GA,GA-HD-109,R,R,Tilt,Dale Rutledge,Regina Lewis-Ward,FALSE,22748,7.96E-07
GA,GA-HD-110,FALSE,R,Safe,Clint Crowe,Ebony Carter,FALSE,22473,3.40E-07
GA,GA-HD-112,R,R,Safe,Dave Belton,Malcolm Adams,FALSE,22347,3.42E-07
GA,GA-HD-114,R,R,Safe,Tom Kirby,FALSE,Femi Oduwole,22888,3.34E-07
GA,GA-HD-115,R,R,Safe,Bruce Williamson,Debbie Reed,FALSE,21723,3.52E-07
GA,GA-HD-117,R,R,Likely,Houston Gaines,Mokah Johnson,FALSE,23608,8.57E-07
GA,GA-HD-119,R,R,Likely,Marcus A. Wiedower,Jonathon Wallace,FALSE,23388,8.65E-07
GA,GA-HD-122,R,R,Safe,Jodi Lott,Doris Crutchfield,FALSE,24448,3.12E-07
GA,GA-HD-124,D,D,Safe,FALSE,Wayne Howard,Scott Cambers,20182,1.81E-08
GA,GA-HD-126,D,D,Safe,William Harris,Gloria Frazier,FALSE,21737,1.68E-08
GA,GA-HD-129,R,R,Safe,Susan Holmes,Sharonda Bell,Joe Reed,22045,3.47E-07
GA,GA-HD-130,R,R,Safe,David Knight,Sheila Henley,FALSE,21097,3.62E-07
GA,GA-HD-131,FALSE,R,Safe,TBA,Chris Benton,FALSE,21863,3.49E-07
GA,GA-HD-132,FALSE,D,Lean,TBA,TBA,FALSE,21311,1.44E-07
GA,GA-HD-134,R,R,Safe,Richard Smith,TBA,FALSE,22853,3.34E-07
GA,GA-HD-138,R,R,Likely,Mike Cheokas,Marc Arnett,FALSE,20679,9.79E-07
GA,GA-HD-144,R,R,Safe,Danny Mathis,Mary Whipple-Lue,FALSE,21049,3.63E-07
GA,GA-HD-145,R,R,Safe,Ricky A. Williams,TBA,FALSE,22459,3.40E-07
GA,GA-HD-147,FALSE,R,Lean,TBA,Stephen Baughier,FALSE,21306,1.07E-06
GA,GA-HD-148,R,R,Safe,Noel Williams,Regina Awung,FALSE,21378,3.57E-07
GA,GA-HD-151,R,FALSE,Toss-Up,Gerald Greene,Joyce Barlow,FALSE,20026,5.62E-07
GA,GA-HD-155,R,R,Safe,Clay Pirkle,Lethia Jones Kittrell,FALSE,21100,3.62E-07
GA,GA-HD-158,R,R,Safe,Butch Parrish,Ann Gleason,FALSE,21571,3.54E-07
GA,GA-HD-164,R,R,Tilt,Ron Stephens,TBA,FALSE,23337,7.76E-07
GA,GA-HD-166,R,R,Safe,Jesse Petrea,Michael Mack,FALSE,24084,3.17E-07
GA,GA-HD-169,R,R,Safe,Dominic Lariccia,Buckle Moore,FALSE,21113,3.62E-07
GA,GA-HD-170,R,R,Safe,Penny Houston,Andre Oliver,FALSE,20436,3.74E-07
GA,GA-HD-173,R,R,Safe,Darlene Taylor,Booker Gainor,FALSE,21105,3.62E-07
GA,GA-HD-176,R,R,Safe,James Burchett,Evans Primus,FALSE,22240,3.43E-07
GA,GA-HD-179,R,R,Safe,Don Hogan,Julie Jordan,FALSE,22508,3.39E-07
GA,GA-HD-180,R,R,Safe,Steven Sainz,FALSE,FALSE,21817,3.50E-07
GA,GA-SD-1,R,R,Safe,Ben Watson,Kerri Wilkins McGinty,FALSE,71176,3.87E-08
GA,GA-SD-3,FALSE,R,Safe,TBA,David Sharpe,Cedric King,71369,3.86E-08
GA,GA-SD-6,D,D,Safe,Harrison Lance,Jen Jordan,FALSE,70954,9.74E-10
GA,GA-SD-8,FALSE,R,Safe,Russ Goodman,Treva Gear,FALSE,69399,3.97E-08
GA,GA-SD-9,R,R,Lean,P. K. Martin,TBA,FALSE,71163,7.61E-08
GA,GA-SD-12,FALSE,D,Safe,TBA,TBA,FALSE,65055,1.06E-09
GA,GA-SD-13,R,R,Safe,Carden Summers,TBA,FALSE,67191,4.10E-08
GA,GA-SD-14,R,R,Safe,Bruce Thompson,TBA,FALSE,69616,3.96E-08
GA,GA-SD-16,R,R,Safe,Marty Harbin,Clinquez Jester,FALSE,69514,3.97E-08
GA,GA-SD-17,R,R,Likely,Brian Strickland,Kelly Rose,FALSE,71032,8.15E-08
GA,GA-SD-20,FALSE,R,Safe,TBA,Julius Johnson,FALSE,72234,3.82E-08
GA,GA-SD-23,FALSE,R,Safe,TBA,Ceretta Smith,FALSE,67782,4.07E-08
GA,GA-SD-25,R,R,Safe,Burt Jones,Veronica Brison,FALSE,72881,3.78E-08
GA,GA-SD-27,R,R,Safe,Greg Dolezal,Brooke Griffiths,FALSE,73548,3.75E-08
GA,GA-SD-30,R,R,Safe,Michael Dugan,TBA,FALSE,69450,3.97E-08
GA,GA-SD-30,R,R,Safe,Michael Dugan,TBA,FALSE,69450,3.97E-08
GA,GA-SD-31,FALSE,R,Safe,TBA,Tianna Smith,FALSE,71307,3.87E-08
GA,GA-SD-32,R,R,Safe,Kay Kirkpatrick,Christine Triebsch,FALSE,69233,3.98E-08
GA,GA-SD-37,R,R,Safe,Lindsey Tippins,TBA,FALSE,71455,3.86E-08
GA,GA-SD-40,D,D,Lean,Garry Guan,Sally Harrell,FALSE,62890,9.43E-09
GA,GA-SD-41,FALSE,D,Safe,William Park Freeman,TBA,FALSE,61856,1.12E-09
GA,GA-SD-43,D,D,Safe,Melanie Williams,Tonya Anderson,FALSE,68267,1.01E-09
GA,GA-SD-44,FALSE,D,Safe,Benjamin Brooks,TBA,FALSE,70443,9.82E-10
GA,GA-SD-45,FALSE,R,Safe,TBA,TBA,FALSE,68460,4.03E-08
GA,GA-SD-46,R,R,Safe,Bill Cowsert,Zachary Perry,FALSE,76966,3.58E-08
GA,GA-SD-47,R,R,Safe,Frank Ginn,Dawn Johnson,FALSE,71243,3.87E-08
GA,GA-SD-48,FALSE,D,Tilt,Matt Reeves,TBA,FALSE,59846,1.97E-08
GA,GA-SD-50,FALSE,R,Safe,TBA,Dee Daley,FALSE,70427,3.92E-08
GA,GA-SD-51,R,R,Safe,Steve Gooch,June Krise,FALSE,77921,3.54E-08
GA,GA-SD-52,R,R,Safe,Chuck Hufstetler,Charles DeYoung,FALSE,66013,4.18E-08
GA,GA-SD-56,R,R,Lean,John Albers,Sarah Beeson,FALSE,67956,7.97E-08
KS,KS-HD-2,R,R,Lean,Kenneth Collins,Lynn Grant,FALSE,8582,1.69E-05
KS,KS-HD-3,D,D,Lean,Chuck Smith,Monica Murnan,FALSE,9093,2.40E-05
KS,KS-HD-4,FALSE,R,Safe,TBA,Bill Meyer,FALSE,8694,1.98E-06
KS,KS-HD-5,FALSE,R,Safe,TBA,Roger Sims,FALSE,8285,2.08E-06
KS,KS-HD-9,FALSE,R,Safe,TBA,Alana Cloutier,FALSE,8316,2.07E-06
KS,KS-HD-12,R,R,Safe,Doug Blex,FALSE,FALSE,8339,2.06E-06
KS,KS-HD-13,R,R,Safe,Joe Newland,Mark Pringle,FALSE,8298,2.07E-06
KS,KS-HD-14,R,R,Tilt,Charlotte Esau,Angela Justus Schweller,FALSE,8996,2.65E-05
KS,KS-HD-15,R,R,Tilt,John Toplikar,Cole Fine,FALSE,7397,3.22E-05
KS,KS-HD-16,FALSE,D,Likely,Rashard Young,Linda Featherston,FALSE,9298,1.22E-05
KS,KS-HD-17,FALSE,FALSE,Toss-Up,Kristine Sapp,Jo Ella Hoye,FALSE,8808,3.56E-05
KS,KS-HD-18,D,D,Lean,TBA,Cindy Neighbor,FALSE,8859,2.46E-05
KS,KS-HD-20,FALSE,R,Likely,TBA,Mari-Lynn Poskin,FALSE,9870,6.86E-06
KS,KS-HD-21,D,D,Safe,Bob Reese,Jerry Stogsdill,FALSE,9263,3.16E-06
KS,KS-HD-23,D,D,Lean,Jeff Shull,Susan Ruiz,FALSE,8039,2.71E-05
KS,KS-HD-26,R,R,Likely,Adam Thomas,W. Michael Shimeall,FALSE,8379,8.08E-06
KS,KS-HD-27,R,R,Safe,Sean Tarwater,Sona Patel,FALSE,9357,1.84E-06
KS,KS-HD-28,FALSE,R,Lean,TBA,Sally Jercha,FALSE,8036,1.81E-05
KS,KS-HD-29,D,D,Safe,Jerry Clinton,Brett Parker,FALSE,8641,3.39E-06
KS,KS-HD-30,D,D,Likely,TBA,Brandon Woodard,FALSE,9390,1.20E-05
KS,KS-HD-31,D,D,Safe,Landon Griffith,Louis Ruiz,FALSE,7414,3.95E-06
KS,KS-HD-32,FALSE,D,Safe,Greg Conchola,TBA,FALSE,4276,6.84E-06
KS,KS-HD-33,D,D,Likely,Jordan Michael Mackey,Tom Burroughs,FALSE,8308,1.36E-05
KS,KS-HD-35,FALSE,D,Safe,Mark David Snelson,TBA,FALSE,7224,4.05E-06
KS,KS-HD-36,D,D,Safe,Mark Gilstrap,Kathy Wolfe Moore,FALSE,9245,3.17E-06
KS,KS-HD-38,FALSE,R,Safe,TBA,Sherri Grogan,FALSE,9392,1.83E-06
KS,KS-HD-39,R,R,Lean,Owen Donohue,TBA,FALSE,8389,1.73E-05
KS,KS-HD-40,R,R,Tilt,David French,Joana Scholtz,FALSE,9202,2.59E-05
KS,KS-HD-41,FALSE,D,Lean,Pat Proctor,TBA,FALSE,8605,2.54E-05
KS,KS-HD-43,R,R,Safe,William Sutton,Pamela Finley,FALSE,8440,2.04E-06
KS,KS-HD-47,R,R,Safe,Ronald Ellis,Michael Caddell,FALSE,8539,2.01E-06
KS,KS-HD-48,D,FALSE,Toss-Up,Terry Frederick,Jennifer Day,FALSE,8161,3.85E-05
KS,KS-HD-49,R,R,Lean,Megan Lynn,TBA,FALSE,7592,1.91E-05
KS,KS-HD-50,R,R,Safe,Fred Patton,Timothy Reed,FALSE,8664,1.99E-06
KS,KS-HD-52,FALSE,R,Likely,TBA,TBA,FALSE,8821,7.68E-06
KS,KS-HD-53,D,D,Safe,Jeff Coen,Jim Gartner,FALSE,9039,3.24E-06
KS,KS-HD-54,R,R,Safe,Ken Corbet,John Brosz,FALSE,8273,2.08E-06
KS,KS-HD-55,D,D,Safe,Janlyn Nesbett Tucker,Annie Kuether,FALSE,8775,3.34E-06
KS,KS-HD-56,D,D,Likely,Tim Clothier,Virgil Weigel,FALSE,9220,1.23E-05
KS,KS-HD-57,D,D,Safe,Michael Martin,John Alcala,FALSE,7752,3.78E-06
KS,KS-HD-58,FALSE,D,Safe,Geoffrey Gawdun,Vic Miller,FALSE,7265,4.03E-06
KS,KS-HD-59,FALSE,R,Safe,TBA,Caren Rugg,FALSE,8524,2.02E-06
KS,KS-HD-60,R,R,Safe,Mark Schreiber,Todd Maddox,FALSE,8544,2.01E-06
KS,KS-HD-64,R,R,Safe,Susan Carlson,Jim Vathauer,FALSE,8775,1.96E-06
KS,KS-HD-67,FALSE,R,Likely,Mike Dodson,Cheryl Arthur,FALSE,9999,6.77E-06
KS,KS-HD-68,R,R,Safe,Dave Baker,Scott Dawson,FALSE,8882,1.94E-06
KS,KS-HD-69,FALSE,R,Lean,Clarke Sanders,TBA,FALSE,7869,1.85E-05
KS,KS-HD-70,FALSE,R,Safe,TBA,Jo Schwartz,FALSE,8235,2.09E-06
KS,KS-HD-71,FALSE,R,Safe,TBA,Jeffrey Zamrzla,FALSE,8623,2.00E-06
KS,KS-HD-72,D,D,Tilt,TBA,Tim Hodge,FALSE,8367,3.61E-05
KS,KS-HD-75,R,R,Safe,Will Carpenter,Ethan Caylor,FALSE,8887,1.94E-06
KS,KS-HD-77,R,R,Safe,Kristey Williams,FALSE,FALSE,8273,2.08E-06
KS,KS-HD-78,R,R,Likely,Ron Ryckman,Kathy Meyer,FALSE,8016,8.45E-06
KS,KS-HD-79,R,R,Lean,Cheryl Helmer,TBA,FALSE,8755,1.66E-05
KS,KS-HD-81,R,R,Safe,Blake Carpenter,Matthew Joyce,FALSE,7645,2.25E-06
KS,KS-HD-82,FALSE,R,Safe,TBA,Edward Hackerott,FALSE,8684,1.98E-06
KS,KS-HD-83,D,D,Safe,Crystal Dozier,Henry Helgerson,FALSE,7478,3.91E-06
KS,KS-HD-84,D,D,Safe,Janet Sue Rine,Gail Finney,FALSE,7254,4.03E-06
KS,KS-HD-85,FALSE,R,Lean,TBA,Marcey Gregory,FALSE,10182,1.43E-05
KS,KS-HD-86,FALSE,D,Safe,Cyndi Howerton,Stephanie Byers,FALSE,7691,3.81E-06
KS,KS-HD-87,FALSE,R,Tilt,Susan Oliver Estes,Matt Fox,FALSE,9057,2.63E-05
KS,KS-HD-88,D,D,Safe,Wade Moore,Elizabeth Bishop,FALSE,8306,3.52E-06
KS,KS-HD-89,D,D,Safe,TBA,KC Ohaebosim,FALSE,8026,3.65E-06
KS,KS-HD-92,D,D,Safe,Patrick McCormack,John Carmichael,FALSE,8138,3.60E-06
KS,KS-HD-94,R,R,Safe,Leo Delperdang,Derek Milligan,FALSE,8537,2.02E-06
KS,KS-HD-95,D,D,Safe,Christopher Parisho,Tom Sawyer,FALSE,8460,3.46E-06
KS,KS-HD-96,D,D,Lean,Tom Kessler,Stephanie Yeager,FALSE,7226,3.02E-05
KS,KS-HD-98,R,FALSE,Toss-Up,Ron Howard,TBA,FALSE,7942,3.95E-05
KS,KS-HD-99,R,R,Safe,Susan Humphries,Phil Hodson,FALSE,8737,1.97E-06
KS,KS-HD-100,R,R,Safe,Daniel Hawkins,Chad Smith,FALSE,8786,1.96E-06
KS,KS-HD-101,R,R,Safe,Joe Seiwert,Elliott Adams,FALSE,8143,2.11E-06
KS,KS-HD-102,D,D,Tilt,John Whitesel,Jason Probst,FALSE,8334,3.63E-05
KS,KS-HD-103,D,D,Safe,Susanne Haynes,Ponka-We Victors,FALSE,6033,4.85E-06
KS,KS-HD-104,R,R,Safe,Paul Waggoner,Garth Strand,FALSE,8745,1.97E-06
KS,KS-HD-105,R,R,Safe,Brenda Landwehr,Michelle Snyder,FALSE,9245,1.86E-06
KS,KS-HD-106,FALSE,R,Safe,TBA,James Swim,FALSE,8316,2.07E-06
KS,KS-HD-111,R,R,Lean,Barb Wasinger,Eber Phelps,FALSE,9712,1.50E-05
KS,KS-HD-114,FALSE,R,Safe,TBA,Jeff Stroberg,FALSE,8714,1.97E-06
KS,KS-HD-116,FALSE,R,Safe,Kyle D. Hoffman,Rick Roitman,FALSE,7988,2.15E-06
KS,KS-HD-119,R,R,Lean,Bradley Ralph,Jan Scoggins,FALSE,5779,2.52E-05
KS,KS-HD-121,R,R,Safe,John Resman,James Rexford,FALSE,9590,1.79E-06
KS,KS-SD-1,R,R,Safe,Dennis Pyle,Kirk Miller,FALSE,26819,4.47E-07
KS,KS-SD-3,D,D,Lean,Willie Dove,Tom Holland,FALSE,28596,3.07E-06
KS,KS-SD-4,D,D,Safe,Sam Stillwell,David Haley,FALSE,21938,4.79E-07
KS,KS-SD-5,R,FALSE,Toss-Up,Kevin Braun,Jeffrey Pittman,FALSE,28053,5.92E-06
KS,KS-SD-6,D,D,Safe,Dianna Whittington,Pat Pettey,FALSE,21154,4.96E-07
KS,KS-SD-7,FALSE,D,Likely,Laura McConwell,Ethan Corson,FALSE,28426,1.49E-06
KS,KS-SD-8,FALSE,D,Lean,James Todd,Cindy Holscher,FALSE,27476,3.20E-06
KS,KS-SD-9,R,R,Likely,Julia Lynn,Stacey Knoell,FALSE,27225,1.70E-06
KS,KS-SD-10,FALSE,FALSE,Toss-Up,TBA,Lindsey Constance,FALSE,27197,6.11E-06
KS,KS-SD-11,FALSE,R,Safe,TBA,Joy Koesten,FALSE,26974,4.45E-07
KS,KS-SD-12,R,R,Safe,Caryn Tyson,Mike Bruner,FALSE,26230,4.57E-07
KS,KS-SD-13,R,R,Safe,Richard Hilderbrand,Nancy Ingle,FALSE,27291,4.40E-07
KS,KS-SD-16,R,R,Safe,Ty Masterson,Timothy Don Fry II,FALSE,27639,4.34E-07
KS,KS-SD-17,R,R,Safe,Jeff Longbine,Stephen Vecchione,FALSE,25709,4.67E-07
KS,KS-SD-18,FALSE,FALSE,Toss-Up,Kristen O'Shea,TBA,FALSE,26666,6.23E-06
KS,KS-SD-19,D,D,Likely,Rick Kloos,Anthony Hensley,FALSE,25414,1.66E-06
KS,KS-SD-20,FALSE,R,Likely,TBA,Rachel Willis,FALSE,27941,1.65E-06
KS,KS-SD-21,D,D,Lean,Tom Bickimer,Dinah Sykes,FALSE,28317,3.10E-06
KS,KS-SD-22,D,D,Lean,TBA,Tom Hawk,FALSE,33860,2.59E-06
KS,KS-SD-23,FALSE,R,Likely,TBA,Wendy Budetti,FALSE,24307,1.90E-06
KS,KS-SD-25,D,D,Likely,Vail Fruechting,Mary Ware,FALSE,25531,1.66E-06
KS,KS-SD-27,R,R,Safe,Gene Suellentrop,Mike McCorkle,FALSE,27728,4.33E-07
KS,KS-SD-28,R,FALSE,Toss-Up,Mike Petersen,Jim Ward,FALSE,23845,6.96E-06
KS,KS-SD-29,D,D,Safe,Myron Ackerman,Oletha Faust-Goudeau,FALSE,22238,4.72E-07
KS,KS-SD-30,FALSE,R,Likely,Renee Erickson,TBA,FALSE,26963,1.71E-06
KS,KS-SD-34,FALSE,R,Safe,TBA,Shanna Henry,FALSE,26349,4.55E-07
KS,KS-SD-37,R,R,Safe,Molly Baumgardner,Becca Peck,FALSE,27872,4.30E-07
KS,KS-SD-38,R,R,Safe,Bud Estes,Edgar Pando,FALSE,18914,6.34E-07
KS,KS-SD-40,R,R,Safe,Rick Billinger,Larry Dreiling,FALSE,28175,4.26E-07
MN,MN-HD-01A,FALSE,R,Safe,TBA,Connie Lindstrom,FALSE,19137,-4.35E-08
MN,MN-HD-01B,R,R,Safe,Debra Kiel,Cindy Ansbacher,FALSE,18919,-4.40E-08
MN,MN-HD-02A,R,R,Safe,Matthew J. Grossell,Jeremiah Liend,FALSE,18801,-4.42E-08
MN,MN-HD-02B,R,R,Safe,Steve Green,David Suby,FALSE,19054,-4.37E-08
MN,MN-HD-03A,D,D,Safe,Thomas Manninen,Rob Ecklund,FALSE,20576,-1.42E-07
MN,MN-HD-03B,D,D,Safe,Andrew J. Hjelle,Mary Murphy,FALSE,20438,-1.43E-07
MN,MN-HD-04A,FALSE,D,Safe,Edwin Hahn,TBA,FALSE,20598,-1.42E-07
MN,MN-HD-04B,D,D,Safe,Brian Anderson,Paul Marquart,FALSE,19570,-1.49E-07
MN,MN-HD-05A,D,FALSE,Toss-Up,Matt Bliss,John Persell,FALSE,20300,-9.55E-07
MN,MN-HD-05B,FALSE,R,Lean,Spencer Igo,Joe Abeyta,FALSE,20191,-3.66E-07
MN,MN-HD-06A,D,D,Safe,Robert Farnsworth,Julie Sandstede,FALSE,19230,-1.52E-07
MN,MN-HD-06B,D,D,Safe,Julie Buria,David Lislegard,FALSE,20608,-1.42E-07
MN,MN-HD-07A,D,D,Safe,Tom Sullivan,Jennifer Schultz,FALSE,20573,-1.42E-07
MN,MN-HD-07B,D,D,Safe,Art Johnston,Liz Olson,FALSE,19656,-1.49E-07
MN,MN-HD-08A,FALSE,R,Safe,Jordan Rasmusson,Brittney Johnson,FALSE,20089,-4.14E-08
MN,MN-HD-08B,R,R,Safe,Mary Franson,Carol Wenner,FALSE,19996,-4.16E-08
MN,MN-HD-09A,R,R,Safe,John M. Poston,Alex Herring,FALSE,19009,-4.38E-08
MN,MN-HD-09B,R,R,Safe,Ron Kresha,Laura Wright,FALSE,18746,-4.44E-08
MN,MN-HD-10A,R,R,Safe,Josh Heintzeman,Dale Menk,FALSE,19499,-4.27E-08
MN,MN-HD-10B,R,R,Safe,Dale K. Lueck,Gaylene Spolarich,FALSE,20666,-4.03E-08
MN,MN-HD-11A,D,D,Safe,Jeff Dotseth,Mike Sundin,FALSE,19624,-1.49E-07
MN,MN-HD-11B,R,R,Safe,Nathan Nelson,Jake Frechette,FALSE,19554,-4.25E-08
MN,MN-HD-12A,R,R,Safe,Jeffery W. Backer,Murray Smart,FALSE,19381,-4.29E-08
MN,MN-HD-12B,R,R,Safe,Paul Anderson,Ben Schirmers,FALSE,19378,-4.29E-08
MN,MN-HD-13A,R,R,Safe,Lisa Demuth,Katy Westlund,FALSE,19903,-4.18E-08
MN,MN-HD-13B,R,R,Safe,Tim O'Driscoll,Benjamin Carollo,FALSE,19506,-4.26E-08
MN,MN-HD-14A,R,R,Lean,Tama Theis,Tamara 'Tami' Calhoun,FALSE,19384,-3.81E-07
MN,MN-HD-14B,D,D,Safe,Paul Brandmire,Dan Wolgamott,FALSE,19894,-1.47E-07
MN,MN-HD-15A,R,R,Safe,Sondra Erickson,Cal Schmock,FALSE,18919,-4.40E-08
MN,MN-HD-15B,FALSE,R,Safe,TBA,Ron Thiessen,Myron Arthur Wilson,19016,-4.37E-08
MN,MN-HD-16A,R,R,Safe,Chris Swedzinski,Doria Drost,FALSE,18205,-4.57E-08
MN,MN-HD-16B,FALSE,R,Safe,TBA,Marinda 'Mindy' Kimmel,FALSE,18843,-4.42E-08
MN,MN-HD-17A,R,R,Safe,Tim Miller,TBA,Ed Engelmann,18144,-4.59E-08
MN,MN-HD-17B,R,R,Safe,Dave Baker,Logan Kortgard,FALSE,18048,-4.61E-08
MN,MN-HD-18B,R,R,Safe,Glenn Gruenhagen,Heather Bakke,FALSE,18070,-4.60E-08
MN,MN-HD-19A,D,D,Likely,Susan Akland,Jeff Brand,FALSE,19868,-5.33E-07
MN,MN-HD-19B,FALSE,D,Safe,Jeremy Loger,Luke Frederick,FALSE,21044,-1.39E-07
MN,MN-HD-20A,FALSE,R,Safe,Brian Pfarr,Erina Prom,FALSE,19275,-4.32E-08
MN,MN-HD-20B,D,D,Safe,Joe Moravchik,Todd Lippert,FALSE,19541,-1.50E-07
MN,MN-HD-21A,R,R,Likely,Barb Haley,Matt Bruns,FALSE,19285,-1.72E-07
MN,MN-HD-21B,R,R,Safe,Steve Drazkowski,Elise Diesslin,FALSE,19384,-4.29E-08
MN,MN-HD-22A,R,R,Safe,Joe Schomacker,TBA,FALSE,18314,-4.54E-08
MN,MN-HD-22B,FALSE,R,Safe,Rod Hamilton,Lynn Herrick,FALSE,16622,-5.00E-08
MN,MN-HD-23A,FALSE,R,Safe,TBA,Patricia Fahey Bacon,FALSE,18734,-4.44E-08
MN,MN-HD-23B,FALSE,R,Safe,TBA,Leroy McClelland,FALSE,18670,-4.46E-08
MN,MN-HD-24A,R,R,Safe,John Petersburg,Tom Shea,FALSE,18612,-4.47E-08
MN,MN-HD-24B,R,R,Safe,Brian Daniels,Ashley Martinez-Perez,FALSE,18449,-4.51E-08
MN,MN-HD-25A,R,R,Likely,Duane Quam,Kim Hicks,FALSE,18208,-1.82E-07
MN,MN-HD-25B,FALSE,D,Likely,Kenneth L. Bush,Liz Boldon,FALSE,19041,-5.56E-07
MN,MN-HD-26B,R,R,Likely,Nels T. Pierson,Randy Brock,FALSE,19487,-1.70E-07
MN,MN-HD-27A,R,R,Safe,Peggy Bennett,TBA,FALSE,18484,-4.50E-08
MN,MN-HD-27B,D,D,Likely,Patricia Mueller,Jeanne Poppe,FALSE,17811,-5.94E-07
MN,MN-HD-28B,R,R,Safe,Gregory M. Davids,Jordan Fontenello,FALSE,19323,-4.31E-08
MN,MN-HD-29A,R,R,Safe,Joe McDonald,Renee Cardarelle,FALSE,19099,-4.36E-08
MN,MN-HD-29B,R,R,Safe,Marion O'Neill,Joe Rosh,FALSE,19137,-4.35E-08
MN,MN-HD-30A,R,R,Safe,Paul Novotny,Chad Hobot,FALSE,19019,-4.37E-08
MN,MN-HD-30B,R,R,Safe,Eric Lucero,Brad Kovach,FALSE,18711,-4.45E-08
MN,MN-HD-31A,FALSE,R,Safe,TBA,Brad Brown,FALSE,19109,-4.35E-08
MN,MN-HD-31B,R,R,Safe,Cal K. Bahr,Sue Larson,FALSE,20489,-4.06E-08
MN,MN-HD-32A,R,R,Safe,Brian Johnson,Renae Berg,FALSE,19785,-4.20E-08
MN,MN-HD-32B,FALSE,R,Safe,TBA,Katie Malchow,FALSE,19640,-4.24E-08
MN,MN-HD-33A,R,R,Safe,Jerry Hertaus,Caitlin Cahill,FALSE,20627,-4.03E-08
MN,MN-HD-33B,D,D,Tilt,TBA,Kelly Morrison,FALSE,20083,-1.09E-06
MN,MN-HD-34A,R,R,Safe,Kristin Robbins,Brian Raines,FALSE,19999,-4.16E-08
MN,MN-HD-34B,D,D,Likely,Dori Trossen,Kristin Bahner,FALSE,21214,-4.99E-07
MN,MN-HD-35A,R,R,Likely,John Heinrich,Mike Erickson,FALSE,20025,-1.65E-07
MN,MN-HD-35B,R,R,Safe,Peggy Scott,Jason Ruffalo,FALSE,19147,-4.34E-08
MN,MN-HD-36A,D,D,Lean,Bill Maresh,Zack Stephenson,FALSE,19227,-9.50E-07
MN,MN-HD-37A,D,D,Safe,Ken Wendling,Erin Koegel,FALSE,19493,-1.50E-07
MN,MN-HD-37B,R,FALSE,Toss-Up,Nolan West,Amir Joseph Malik,FALSE,19986,-9.70E-07
MN,MN-HD-38A,FALSE,R,Likely,TBA,Kris Fredrick,FALSE,19474,-1.70E-07
MN,MN-HD-38B,D,D,Tilt,Elliott Engen,Ami Wazlawik,FALSE,21460,-1.02E-06
MN,MN-HD-39A,FALSE,R,Safe,Bob Dettmer,TBA,FALSE,19999,-4.16E-08
MN,MN-HD-39B,D,D,Tilt,Joe Garofalo,Shelly Christensen,FALSE,20419,-1.07E-06
MN,MN-HD-40A,D,D,Safe,David True,Michael V. Nelson,FALSE,15523,-1.88E-07
MN,MN-HD-40B,D,D,Safe,Charlotte Smith,Samantha Vang,Mary O'Connor,16167,-1.81E-07
MN,MN-HD-41A,D,D,Safe,Susan A. Erickson,Connie Bernardy,FALSE,18179,-1.61E-07
MN,MN-HD-41B,FALSE,D,Safe,Ronald Ray Vogel,Sandra Feist,FALSE,18702,-1.56E-07
MN,MN-HD-42A,D,D,Safe,Candy Sina,Kelly Moller,FALSE,20550,-1.42E-07
MN,MN-HD-42B,D,D,Safe,Sue Finney,Jamie Becker-Finn,FALSE,20541,-1.42E-07
MN,MN-HD-43A,D,D,Safe,Paul Babin,Peter M. Fischer,FALSE,19942,-1.47E-07
MN,MN-HD-43B,D,D,Safe,Jordan Herzog,Leon M. Lillie,FALSE,19791,-1.48E-07
MN,MN-HD-44A,D,D,Likely,Perry Nouis,Ginny Klevorn,FALSE,20323,-5.21E-07
MN,MN-HD-44B,D,D,Safe,Gary Porter,Patty Acomb,FALSE,19765,-1.48E-07
MN,MN-HD-45A,FALSE,D,Safe,Jesse Pfliger,TBA,FALSE,19009,-1.54E-07
MN,MN-HD-45B,D,D,Safe,Ken Fitzgerald,Mike Freiberg,FALSE,20256,-1.44E-07
MN,MN-HD-46A,D,D,Safe,Anne Taylor,Ryan Winkler,FALSE,20691,-1.41E-07
MN,MN-HD-46B,D,D,Safe,Melissa Moore,Cheryl Youakim,FALSE,19592,-1.49E-07
MN,MN-HD-47A,R,R,Safe,Jim Nash,Arlan Brinkmeier,FALSE,20182,-4.12E-08
MN,MN-HD-47B,R,R,Tilt,Greg Boe,Dan Kessler,FALSE,19644,-6.63E-07
MN,MN-HD-48A,D,D,Safe,Eric Wessels,Laurie Pryor,FALSE,19185,-1.52E-07
MN,MN-HD-48B,D,D,Tilt,Holly Link,Carlie Kotyza-Witthuhn,FALSE,17519,-1.25E-06
MN,MN-HD-49B,D,D,Safe,Joe Thalman,Steve Elkins,FALSE,20512,-1.43E-07
MN,MN-HD-50A,D,D,Safe,Tim Johnson,Michael Howard,FALSE,18003,-1.62E-07
MN,MN-HD-50B,D,D,Safe,Gary Heyer,Andrew Carlson,FALSE,19112,-1.53E-07
MN,MN-HD-51A,FALSE,D,Safe,Patrick J. Zurick,TBA,FALSE,19307,-1.51E-07
MN,MN-HD-51B,FALSE,D,Safe,Fern A. Smith,TBA,FALSE,18138,-1.61E-07
MN,MN-HD-52A,D,D,Safe,Mariah de la Paz,Rick Hansen,FALSE,19067,-1.53E-07
MN,MN-HD-52B,D,D,Likely,Cynthia Lonnquist,Ruth Richardson,FALSE,19048,-5.56E-07
MN,MN-HD-53A,D,D,Safe,William A. Johnston,Tou Xiong,FALSE,19307,-1.51E-07
MN,MN-HD-53B,D,D,Lean,Kelly Jahner-Byrne,Steve Sandell,FALSE,19384,-9.42E-07
MN,MN-HD-54A,D,D,Lean,Keith Franke,Anne Claflin,FALSE,18929,-9.65E-07
MN,MN-HD-54B,R,R,Tilt,Tony Jurgens,Kelsey Waits,FALSE,19567,-6.66E-07
MN,MN-HD-55A,D,D,Tilt,TBA,Brad Tabke,Ryan Martin,17878,-1.23E-06
MN,MN-HD-55B,R,R,Safe,Tony Albright,Andrea Nelsen,FALSE,19874,-4.19E-08
MN,MN-HD-56A,FALSE,D,Tilt,TBA,Jessica Hanson,FALSE,19137,-1.14E-06
MN,MN-HD-56B,FALSE,D,Tilt,Roz Peterson,Kaela Berg,FALSE,19205,-1.14E-06
MN,MN-HD-57A,D,D,Likely,Megan Olson,Robert Bierman,FALSE,20172,-5.25E-07
MN,MN-HD-57B,D,D,Lean,Sandra A. Jimenez,John D. Huot,FALSE,18557,-9.84E-07
MN,MN-HD-58A,R,R,Likely,Jon Koznick,Erin Preese,FALSE,18730,-1.77E-07
MN,MN-HD-58B,R,R,Safe,Pat Garofalo,Sara Wolf,FALSE,19221,-4.33E-08
MN,MN-HD-59A,D,D,Safe,FALSE,Fue Lee,Marcus Harcus,17965,-1.63E-07
MN,MN-HD-59B,FALSE,D,Safe,Alan Shilepsky,TBA,FALSE,21258,-1.38E-07
MN,MN-HD-60A,D,D,Safe,John Holmberg,Sydney Jordan,FALSE,20009,-1.46E-07
MN,MN-HD-61A,D,D,Safe,Kurtis Fechtmeyer,Frank Hornstein,FALSE,23482,-1.25E-07
MN,MN-HD-61B,D,D,Safe,Lisa Pohlman,Jamie Long,FALSE,19945,-1.47E-07
MN,MN-HD-62A,D,D,Safe,Arjun Kataria,Hodan Hassan,FALSE,16020,-1.83E-07
MN,MN-HD-62B,D,D,Safe,Ross Tenneson,Aisha Gomez,FALSE,17491,-1.67E-07
MN,MN-HD-63A,FALSE,D,Safe,Penny Arcos,TBA,David Wiester,19464,-1.50E-07
MN,MN-HD-63B,FALSE,D,Safe,Frank Pafko,TBA,Dennis Schuller,19237,-1.52E-07
MN,MN-HD-64A,D,D,Safe,Sherry Schack,Kaohly Her,FALSE,19817,-1.48E-07
MN,MN-HD-64B,D,D,Safe,Georgia Dietz,Dave Pinto,FALSE,19410,-1.51E-07
MN,MN-HD-65A,D,D,Safe,Amy Anderson,Rena Moran,FALSE,16991,-1.72E-07
MN,MN-HD-65B,D,D,Safe,Margaret Mary Stokely,Carlos Mariani,FALSE,19349,-1.51E-07
MN,MN-HD-66A,D,D,Safe,Brett Rose,Alice Hausman,FALSE,20297,-1.44E-07
MN,MN-HD-66B,FALSE,D,Safe,Mikki Murray,TBA,FALSE,16888,-1.73E-07
MN,MN-HD-67A,FALSE,D,Safe,John Stromenger,TBA,FALSE,16414,-1.78E-07
MN,MN-HD-67B,D,D,Safe,Fred Turk,Jay Xiong,FALSE,16978,-1.72E-07
MN,MN-SD-01,R,R,Safe,Mark Johnson,Reed Perkins,FALSE,38057,-1.10E-06
MN,MN-SD-02,R,R,Safe,Paul Utke,Leonard Alan Roy,FALSE,37855,-1.10E-06
MN,MN-SD-03,D,D,Safe,Christopher Hogan,Thomas (Tom) Bakk,FALSE,41017,-1.00E-06
MN,MN-SD-04,D,D,Likely,Mark Larson,Kent Eken,FALSE,40168,-4.04E-06
MN,MN-SD-05,R,R,Lean,Justin Eichorn,Rita Albrecht,"Robyn Smith, Dennis Barsness",40489,-8.36E-06
MN,MN-SD-06,FALSE,D,Safe,John J. Moren,TBA,FALSE,39838,-1.03E-06
MN,MN-SD-07,FALSE,D,Safe,Donna Bergstrom,TBA,FALSE,40229,-1.02E-06
MN,MN-SD-08,R,R,Safe,Bill Ingebrigtsen,Michele Anderson,FALSE,40085,-1.04E-06
MN,MN-SD-09,FALSE,R,Safe,TBA,A. John Peters,FALSE,37759,-1.11E-06
MN,MN-SD-10,FALSE,R,Safe,TBA,Steve Samuelson,FALSE,40165,-1.04E-06
MN,MN-SD-11,R,R,Likely,Jason Rarick,Michelle Lee,FALSE,39175,-4.20E-06
MN,MN-SD-12,R,R,Safe,Torrey Westrom,Jill Abahsain,FALSE,38758,-1.08E-06
MN,MN-SD-13,R,R,Safe,Jeff Howe,Michael Willemsen,FALSE,39409,-1.06E-06
MN,MN-SD-14,R,FALSE,Toss-Up,Jerry Relph,Aric Putnam,Jaden Partlow,39278,-1.54E-05
MN,MN-SD-15,R,R,Safe,Andrew Matthews,Brent Krist,FALSE,37938,-1.10E-06
MN,MN-SD-16,R,R,Safe,Gary Dahms,FALSE,"Steve ""Stoney"" Preslicka",37048,-1.13E-06
MN,MN-SD-17,R,R,Safe,Andrew Lang,Fernando Alvarado,FALSE,36189,-1.16E-06
MN,MN-SD-18,R,R,Safe,Scott Newman,Chad R. Tschimperle,FALSE,36894,-1.13E-06
MN,MN-SD-19,D,D,Safe,Elizabeth Bangert,Nick Frentz,FALSE,40912,-1.01E-06
MN,MN-SD-20,R,R,Lean,Rich Draheim,Jon Olson,Jason Hoschette,38816,-8.72E-06
MN,MN-SD-21,R,R,Likely,Michael P. Goggin,Ralph Kaehler,FALSE,38669,-4.26E-06
MN,MN-SD-22,R,R,Safe,Bill Weber,TBA,Brian Abrahamson,34936,-1.20E-06
MN,MN-SD-23,R,R,Safe,Julie A. Rosen,FALSE,David Pulkrabek,37403,-1.12E-06
MN,MN-SD-24,R,R,Safe,John R. Jasinski,Roger Steinkamp,FALSE,37060,-1.13E-06
MN,MN-SD-25,R,R,Likely,David Senjem,Sara Flick,FALSE,37249,-4.42E-06
MN,MN-SD-26,R,R,Lean,Carla Nelson,Aleta Borrund,FALSE,38563,-8.77E-06
MN,MN-SD-27,D,D,Lean,Gene Dornink,Dan Sparks,Tyler Becvar,36295,-9.21E-06
MN,MN-SD-28,R,R,Safe,Jeremy Miller,Sarah Kruger,Eric Leitzen,39588,-1.06E-06
MN,MN-SD-29,R,R,Safe,Bruce D. Anderson,Chris Brazelton,Mary Murphy,38239,-1.09E-06
MN,MN-SD-30,R,R,Safe,Mary Kiffmeyer,Diane Nguyen,FALSE,37730,-1.11E-06
MN,MN-SD-31,R,R,Safe,Michelle R. Benson,Kate Luthner,FALSE,39598,-1.06E-06
MN,MN-SD-32,R,R,Safe,Mark Koran,Joshua Fike,FALSE,39425,-1.06E-06
MN,MN-SD-33,R,R,Likely,David Osmek,Gretchen Piper,FALSE,40710,-4.04E-06
MN,MN-SD-34,R,R,Safe,Warren Limmer,Bonnie Westlin,FALSE,41213,-1.01E-06
MN,MN-SD-35,R,R,Safe,Jim Abeler,David L. Nelson,FALSE,39169,-1.07E-06
MN,MN-SD-36,D,D,Likely,Karen Attia,John Hoffman,FALSE,37647,-4.31E-06
MN,MN-SD-37,D,D,Lean,Brad Sanford,Jerry Newton,FALSE,39479,-8.47E-06
MN,MN-SD-38,R,R,Lean,Roger Chamberlain,Justin Stofferahn,FALSE,40934,-8.27E-06
MN,MN-SD-39,R,R,Likely,Karin Housley,TBA,FALSE,40418,-4.07E-06
MN,MN-SD-40,D,D,Safe,Robert Marvin,Chris Eaton,FALSE,31691,-1.30E-06
MN,MN-SD-41,FALSE,D,Safe,Lucia Marina Vogel,Mary Kunesh-Podein,FALSE,36881,-1.12E-06
MN,MN-SD-42,D,D,Safe,Ben Schwanke,"Jason ""Ike"" Isaacson",FALSE,41091,-1.00E-06
MN,MN-SD-43,D,D,Safe,Bob Zick,"Charles ""Chuck"" Wiger",Doug Daubenspeck,39733,-1.04E-06
MN,MN-SD-44,FALSE,D,Likely,Greg Pulles,Ann Johnson Stewart,FALSE,40088,-4.04E-06
MN,MN-SD-45,D,D,Safe,Roxana Bruins,Ann H. Rest,Andy Schuler,39268,-1.05E-06
MN,MN-SD-46,D,D,Safe,Bryan P. Bj√∂rnson,Ron Latz,FALSE,40284,-1.02E-06
MN,MN-SD-47,FALSE,R,Safe,TBA,TBA,FALSE,39825,-1.05E-06
MN,MN-SD-48,D,D,Lean,Jeff Jiang,Steve Cwodzinski,FALSE,36702,-9.11E-06
MN,MN-SD-49,D,D,Safe,TBA,Melisa Lopez Franzen,FALSE,39608,-1.04E-06
MN,MN-SD-50,D,D,Safe,Dean Wm Mumbleau,Melissa Halvorson Wiklund,FALSE,37118,-1.11E-06
MN,MN-SD-51,D,D,Safe,Douglas D. Willetts,Jim Carlson,FALSE,37445,-1.10E-06
MN,MN-SD-52,D,D,Safe,Tomas Settell,Matt Klein,FALSE,38111,-1.08E-06
MN,MN-SD-53,FALSE,D,Likely,Mary Giuliani Stephens,TBA,FALSE,38691,-4.19E-06
MN,MN-SD-54,D,D,Lean,Leilani Holmstadt,Karla Bigham,FALSE,38496,-8.69E-06
MN,MN-SD-55,R,R,Safe,Eric Pratt,Sahra Odowa,FALSE,37756,-1.11E-06
MN,MN-SD-56,R,FALSE,Toss-Up,Dan Hall,TBA,FALSE,38339,-1.58E-05
MN,MN-SD-57,D,D,Likely,Jose W. Jimenez,Greg Clausen,FALSE,38730,-4.19E-06
MN,MN-SD-58,D,FALSE,Toss-Up,Zach Duckworth,Matt Little,FALSE,37948,-1.59E-05
MN,MN-SD-59,FALSE,D,Safe,Paul Anderson,TBA,FALSE,39223,-1.05E-06
MN,MN-SD-61,D,D,Safe,Jennifer Zielinski,Scott Dibble,FALSE,43427,-9.49E-07
MN,MN-SD-62,FALSE,D,Safe,Bruce Lundeen,TBA,FALSE,33510,-1.23E-06
MN,MN-SD-63,D,D,Safe,Diane Napper,Patricia Torres Ray,Chris Wright,38698,-1.07E-06
MN,MN-SD-64,FALSE,D,Safe,Sharon Anderson,Erin Murphy,Patricia Jirovec McArdell,39229,-1.05E-06
MN,MN-SD-65,D,D,Safe,Paul Holmgren,Sandy Pappas,FALSE,36339,-1.13E-06
MN,MN-SD-66,D,D,Safe,Greg Copeland,John Marty,FALSE,37185,-1.11E-06
NC,NC-HD-1,R,R,Lean,Edward C. Goodwin,Emily Bunch Nicholson,FALSE,28963,1.09E-06
NC,NC-HD-2,R,R,Safe,Larry Yarborough,Cindy Deporter,FALSE,30313,1.32E-07
NC,NC-HD-3,FALSE,R,Safe,Steve Tyson,Dorothea Downing White,FALSE,28315,1.41E-07
NC,NC-HD-4,R,R,Safe,Jimmy Dixon,Christopher Schulte,FALSE,28561,1.40E-07
NC,NC-HD-5,FALSE,D,Safe,Donald Kirkland,Howard Hunter,FALSE,28704,7.77E-08
NC,NC-HD-6,R,R,Likely,Bobby Hanig,Tommy Fulcher,FALSE,30705,5.08E-07
NC,NC-HD-7,FALSE,R,Safe,Matthew Winslow,Phil Stover,FALSE,29637,1.35E-07
NC,NC-HD-8,D,D,Safe,Tony Moore,Kandie D. Smith,FALSE,30532,7.30E-08
NC,NC-HD-9,R,D,Tilt,Perrin Jones,Brian Farkas,FALSE,29664,1.13E-06
NC,NC-HD-10,R,R,Safe,John Bell,Carl Martin,FALSE,30646,1.30E-07
NC,NC-HD-11,D,D,Safe,Clark Pope,Allison Dahle,Adrian Lee Travers,32748,6.81E-08
NC,NC-HD-12,R,R,Safe,Chris Humphrey,Virginia Cox-Daugherty,FALSE,26847,1.49E-07
NC,NC-HD-13,R,R,Safe,Pat McElraft,Buck Bayliff,FALSE,31090,1.28E-07
NC,NC-HD-14,R,R,Safe,George Cleveland,Marcy Wofford,FALSE,29254,1.37E-07
NC,NC-HD-15,R,R,Safe,Phil Shepard,Carolyn F. Gomaa,FALSE,32711,1.22E-07
NC,NC-HD-16,R,R,Safe,Carson Smith,Debbi Fintak,FALSE,32338,1.24E-07
NC,NC-HD-17,R,R,Safe,Frank Iler,Tom Simmons,FALSE,37607,1.06E-07
NC,NC-HD-18,D,D,Safe,Warren Kennedy,Deb Butler,FALSE,34117,6.53E-08
NC,NC-HD-19,FALSE,R,Safe,Charlie Miller,Marcia Morgan,FALSE,32131,1.24E-07
NC,NC-HD-20,FALSE,R,Lean,Ted Davis,Adam Ericson,FALSE,34583,9.15E-07
NC,NC-HD-21,D,D,Likely,Brent Heath,Raymond Smith,FALSE,28808,3.15E-07
NC,NC-HD-22,R,R,Safe,William Brisson,Albert Kirby,FALSE,28453,1.40E-07
NC,NC-HD-23,D,D,Safe,Claiborne Holtzman,Shelly Willingham,Abbie Lane,28766,7.75E-08
NC,NC-HD-24,FALSE,D,Lean,Mick Rankin,Jean Farmer-Butterfield,FALSE,29252,6.82E-07
NC,NC-HD-25,D,D,Lean,John Check,James Gailliard,Nick Taylor,28949,6.89E-07
NC,NC-HD-26,R,R,Safe,Donna McDowell White,Linda Bennett,FALSE,32340,1.23E-07
NC,NC-HD-27,D,D,Safe,Warren Scott Nail,Michael Wray,FALSE,27861,8.00E-08
NC,NC-HD-28,R,R,Safe,Larry C. Strickland,Corey Stephens,FALSE,31341,1.27E-07
NC,NC-HD-30,D,D,Safe,FALSE,Marcia Morey,Gavin Bell,33377,6.68E-08
NC,NC-HD-31,D,D,Safe,Steven W. Sosebee,Zack Hawkins,Sean Haugh,32632,6.83E-08
NC,NC-HD-32,D,D,Safe,David Woodson,Terry E. Garrison,FALSE,30813,7.23E-08
NC,NC-HD-33,FALSE,D,Safe,Frann Sarpolus,Rosa Gill,Sammie Brooks,34936,6.38E-08
NC,NC-HD-34,D,D,Safe,Ronald L. Smith,Grier Martin,Michael C. Munger,30207,7.38E-08
NC,NC-HD-35,D,D,Lean,Fred Von Canon,Terence Everitt,Michael Nelson,34807,5.73E-07
NC,NC-HD-36,D,D,Likely,Kim Coley,Julie von Haefen,Bruce Basson,31669,2.87E-07
NC,NC-HD-37,D,FALSE,Toss-Up,Erin Pare,Sydney Batch,Liam Leaver,33135,1.37E-06
NC,NC-HD-38,FALSE,D,Safe,Kenneth Bagnal,Abe Jones,Richard Haygood,29496,7.56E-08
NC,NC-HD-40,D,D,Safe,Gerard Falzon,Joe John,FALSE,30611,7.28E-08
NC,NC-HD-41,D,D,Safe,Scott Populorum,Gale Adcock,Guy Meilleur,30663,7.27E-08
NC,NC-HD-42,D,D,Safe,Jon Blake,Marvin W. Lucas,FALSE,32210,6.92E-08
NC,NC-HD-43,FALSE,FALSE,Toss-Up,Diane Wheatley,Kimberly Hardy,FALSE,28463,1.60E-06
NC,NC-HD-44,D,D,Safe,Heather S. Holmes,Billy Richardson,FALSE,28470,7.83E-08
NC,NC-HD-45,R,FALSE,Toss-Up,John Szoka,Frances Vinell Jackson,FALSE,29886,1.52E-06
NC,NC-HD-46,R,R,Likely,Brenden H. Jones,Tim Heath,FALSE,28149,5.54E-07
NC,NC-HD-47,D,D,Likely,Olivia Oxendine,Charles Graham,FALSE,29669,3.06E-07
NC,NC-HD-48,D,D,Safe,Johnny H. Boyles,Garland E. Pierce,FALSE,31169,7.15E-08
NC,NC-HD-49,D,D,Safe,David Robertson,Cynthia Ball,Cap Hayes,34723,6.42E-08
NC,NC-HD-51,R,R,Lean,John Sauls,Jason Cain,FALSE,30377,1.04E-06
NC,NC-HD-52,R,R,Safe,Jamie Boles,Lowell Simon,FALSE,31514,1.27E-07
NC,NC-HD-53,R,R,Safe,David R. Lewis,Sally Weeks Benson,Zach Berly,33056,1.21E-07
NC,NC-HD-54,D,D,Safe,George T. Gilson,Robert T. Reives,FALSE,33224,6.71E-08
NC,NC-HD-55,R,R,Safe,Mark Brody,Gloria Harrington Overcash,FALSE,29430,1.36E-07
NC,NC-HD-57,D,D,Safe,Chris Meadows,Ashton Clemmons,FALSE,30397,7.33E-08
NC,NC-HD-58,D,D,Safe,Clinton Honey,Amos Quick,FALSE,29913,7.45E-08
NC,NC-HD-59,R,R,Lean,Jon Hardister,Nicole Quick,FALSE,31739,9.97E-07
NC,NC-HD-60,D,D,Safe,Frank Ragsdale,Cecil Brockman,FALSE,29948,7.44E-08
NC,NC-HD-62,R,R,Safe,John Faircloth,Brandon Gray,FALSE,31909,1.25E-07
NC,NC-HD-63,R,FALSE,Toss-Up,Stephen Ross,Ricky Hurtado,FALSE,28228,1.61E-06
NC,NC-HD-64,R,R,Safe,Dennis Riddell,Eric Henry,FALSE,29000,1.38E-07
NC,NC-HD-65,R,R,Safe,Jerry Carter,Amanda Joann Bell,FALSE,30791,1.30E-07
NC,NC-HD-66,D,R,Lean,Ben Moss,Scott T. Brewer,FALSE,29476,1.07E-06
NC,NC-HD-68,FALSE,R,Safe,David Willis,Ericka L. McKnight,FALSE,28359,1.41E-07
NC,NC-HD-69,R,R,Safe,Dean Arp,Pam De Maria,FALSE,27861,1.43E-07
NC,NC-HD-70,R,R,Safe,Pat B. Hurley,Susan Lee Scott,FALSE,26807,1.49E-07
NC,NC-HD-72,FALSE,D,Safe,Dan Lawlor,Amber Baker,FALSE,27232,8.19E-08
NC,NC-HD-73,R,R,Safe,Lee Zachary,William Stinson,FALSE,29195,1.37E-07
NC,NC-HD-74,FALSE,R,Tilt,Jeff Zenger,Dan Besse,FALSE,30246,1.47E-06
NC,NC-HD-75,R,R,Safe,Donny Lambeth,Elisabeth Motsinger,FALSE,31233,1.28E-07
NC,NC-HD-76,R,R,Safe,Harry Warren,Al Heggins,FALSE,30315,1.32E-07
NC,NC-HD-77,R,R,Safe,Julia Craven Howard,Barbara B. Howard,FALSE,31053,1.29E-07
NC,NC-HD-78,R,R,Safe,Allen Ray McNeill,Jim Meredith,FALSE,28810,1.39E-07
NC,NC-HD-79,R,R,Safe,Keith Kidwell,Nick Blount,FALSE,28285,1.41E-07
NC,NC-HD-80,FALSE,R,Safe,Sam Watford,Wendy Sellars,FALSE,29938,1.33E-07
NC,NC-HD-81,R,R,Safe,Larry W. Potts,Robert Lewis Jordan,FALSE,30641,1.30E-07
NC,NC-HD-82,FALSE,R,Tilt,Kristin Baker,Aimy Steele,FALSE,31581,1.41E-06
NC,NC-HD-83,R,R,Lean,Larry Pittman,Gail Young,FALSE,30064,1.05E-06
NC,NC-HD-84,R,R,Safe,Jeffrey C. McNeely,Gayle Wesley Harris,FALSE,30490,1.31E-07
NC,NC-HD-85,FALSE,R,Safe,Dudley Greene,Ted Remington,FALSE,30064,1.33E-07
NC,NC-HD-86,R,R,Safe,Hugh Blackwell,Cecelia Surratt,FALSE,30224,1.32E-07
NC,NC-HD-87,R,R,Safe,Destin Hall,Corie Schreiber,FALSE,31132,1.28E-07
NC,NC-HD-88,D,D,Safe,David Tondreau,Mary Belk,FALSE,30177,7.39E-08
NC,NC-HD-89,R,R,Safe,Mitchell Smith Setzer,Greg Cranford,FALSE,28569,1.40E-07
NC,NC-HD-90,R,R,Safe,Sarah Stevens,Beth Shaw,FALSE,30749,1.30E-07
NC,NC-HD-91,R,R,Safe,Kyle Hall,Rita Cruise,FALSE,30971,1.29E-07
NC,NC-HD-92,FALSE,D,Safe,Jerry Munden,Terry Brown,FALSE,30046,7.42E-08
NC,NC-HD-93,D,D,Tilt,Ray Pickett,Ray Russell,FALSE,33303,1.01E-06
NC,NC-HD-95,FALSE,R,Safe,Grey Mills,Amanda Brown Kotis,FALSE,31425,1.27E-07
NC,NC-HD-96,R,R,Safe,Jay Adams,Kim Bost,FALSE,28218,1.42E-07
NC,NC-HD-97,R,R,Safe,Jason R. Saine,Greg McBryde,FALSE,30685,1.30E-07
NC,NC-HD-98,D,FALSE,Toss-Up,John R. Bradford,Christy Clark,FALSE,30328,1.50E-06
NC,NC-HD-99,D,D,Safe,Russell Rowe,Nasif Majeed,FALSE,27730,8.04E-08
NC,NC-HD-100,D,D,Safe,Kalle Thompson,John Autry,FALSE,26089,8.54E-08
NC,NC-HD-101,D,D,Safe,Steve Mauney,Carolyn G. Logan,FALSE,32067,6.95E-08
NC,NC-HD-102,D,D,Safe,Kyle Kirby,Becky Carney,FALSE,26620,8.37E-08
NC,NC-HD-103,D,D,Lean,Bill Brawley,Rachel Hunt,FALSE,30683,6.50E-07
NC,NC-HD-104,D,D,Likely,Don Pomeroy,Brandon Lofton,FALSE,30362,2.99E-07
NC,NC-HD-105,FALSE,D,Likely,Amy Bynum,Wesley Harris,FALSE,28899,3.14E-07
NC,NC-HD-107,D,D,Safe,Richard Rivette,Kelly Alexander,FALSE,28887,7.72E-08
NC,NC-HD-108,R,R,Safe,John A. Torbett,Daniel Caudill,FALSE,29965,1.33E-07
NC,NC-HD-109,R,R,Safe,Dana Bumgardner,Susan Maxon,FALSE,28648,1.39E-07
NC,NC-HD-111,R,R,Safe,Tim Moore,Jennifer Childers,FALSE,28576,1.40E-07
NC,NC-HD-112,R,R,Safe,David Rogers,Ed Hallyburton,FALSE,30120,1.33E-07
NC,NC-HD-113,R,R,Safe,Jake Johnson,Sam Edney,FALSE,33293,1.20E-07
NC,NC-HD-114,D,D,Safe,Tim Hyatt,Susan C. Fisher,Lyndon John Smith,34721,6.42E-08
NC,NC-HD-115,D,D,Safe,Mark Crawford,John Ager,FALSE,32846,6.79E-08
NC,NC-HD-116,D,D,Safe,Eric Burns,Brian Turner,FALSE,30436,7.32E-08
NC,NC-HD-117,FALSE,R,Safe,Tim Moffitt,Josh Remillard,FALSE,31403,1.27E-07
NC,NC-HD-118,FALSE,R,Likely,Mark Pless,Alan Jones,FALSE,30564,5.11E-07
NC,NC-HD-119,FALSE,D,Tilt,Mike Clampitt,Joe Sam Queen,FALSE,31092,1.08E-06
NC,NC-HD-120,FALSE,R,Safe,Karl Gillespie,Susan Landis,FALSE,32025,1.25E-07
NC,NC-SD-1,R,R,Tilt,Bob Steinburg,Tess Judge,FALSE,75251,2.91E-06
NC,NC-SD-2,R,R,Safe,Norman W. Sanderson,Libbie Griffin,Tim Harris,71078,2.73E-07
NC,NC-SD-3,FALSE,D,Likely,Thomas S. Hester,Ernestine Bazemore,FALSE,66849,6.85E-07
NC,NC-SD-4,D,D,Safe,Sammy Davis Webb,Milton F. Fitch,FALSE,68956,1.63E-07
NC,NC-SD-5,D,D,Safe,Karen Kozel,Don Davis,FALSE,73651,1.53E-07
NC,NC-SD-6,FALSE,R,Safe,Michael Lazzara,Ike Johnson,FALSE,74901,2.59E-07
NC,NC-SD-7,R,R,Tilt,Jim Perry,Donna Lake,FALSE,64311,3.40E-06
NC,NC-SD-8,R,R,Safe,Bill Rabon,David Sink,"Anthony Mascolo, Ethan Bickley",87477,2.22E-07
NC,NC-SD-9,D,FALSE,Toss-Up,Michael Lee,Harper Peterson,FALSE,85361,2.63E-06
NC,NC-SD-10,R,R,Safe,Brent Jackson,Vernon R. Moore,FALSE,63490,3.05E-07
NC,NC-SD-11,FALSE,R,Lean,Lisa Barnes,Allen Wellons,FALSE,72748,2.12E-06
NC,NC-SD-12,R,R,Safe,Jim Burgin,John Kirkman,FALSE,69509,2.79E-07
NC,NC-SD-13,R,R,Safe,Danny Earl Britt,Barbara Yates-Lockamy,FALSE,68349,2.84E-07
NC,NC-SD-14,D,D,Safe,Alan David Michael,Dan Blue,Justin Walczak,71638,1.57E-07
NC,NC-SD-15,D,D,Safe,Mario J. Lomuscio,Jay J. Chaudhuri,Kat McDonald,80935,1.39E-07
NC,NC-SD-16,D,D,Safe,Will Marsh,Wiley Nickel,FALSE,77240,1.46E-07
NC,NC-SD-17,D,D,Lean,Mark Cavaliero,Sam Searcy,Travis Groo,71973,1.39E-06
NC,NC-SD-18,FALSE,D,Tilt,Larry Norman,Sarah Crawford,Jason Loeback,77124,2.16E-06
NC,NC-SD-19,D,FALSE,Toss-Up,Wesley Meredith,Kirk DeViere,FALSE,66674,3.36E-06
NC,NC-SD-20,FALSE,D,Safe,John Tarantino,Natalie Murdock,FALSE,72511,1.55E-07
NC,NC-SD-21,D,D,Safe,Sev Palacios,Ben Clark,FALSE,70350,1.60E-07
NC,NC-SD-22,D,D,Safe,Rick Padgett,Mike Woodard,Ray Ubinger,70111,1.60E-07
NC,NC-SD-23,D,D,Safe,Tom Glendinning,Valerie P. Foushee,FALSE,77208,1.46E-07
NC,NC-SD-24,FALSE,R,Tilt,Amy S. Galey,J.D. Wooten,FALSE,75925,2.88E-06
NC,NC-SD-25,FALSE,R,Safe,Tom McInnis,Helen Probst Mills,FALSE,75644,2.56E-07
NC,NC-SD-26,FALSE,R,Safe,Jerry W. Tillman,Jane Ledwell Gant,FALSE,69953,2.77E-07
NC,NC-SD-27,D,D,Lean,Sebastian King,Michael Garrett,FALSE,74045,1.35E-06
NC,NC-SD-28,D,D,Safe,D.R. King,Gladys A. Robinson,FALSE,74472,1.51E-07
NC,NC-SD-29,FALSE,R,Safe,Steven Jarvis,Duskin Lassiter,FALSE,70170,2.76E-07
NC,NC-SD-30,R,R,Safe,Phil E. Berger,Wally White,FALSE,74536,2.60E-07
NC,NC-SD-31,R,R,Likely,Joyce Krawiec,Terri Elizabeth LeGrand,FALSE,76542,9.92E-07
NC,NC-SD-32,D,D,Safe,Ven Challa,Paul Lowe,FALSE,70128,1.60E-07
NC,NC-SD-33,R,R,Safe,Carl Ford,Tarsha Ellis,FALSE,74477,2.60E-07
NC,NC-SD-34,R,R,Safe,Vickie Sawyer,Barry Templeton,FALSE,75885,2.56E-07
NC,NC-SD-35,R,R,Safe,Todd Johnson,Jose Santiago,FALSE,71179,2.72E-07
NC,NC-SD-36,R,R,Safe,Paul Newton,Marcus J. Singleton,FALSE,73712,2.63E-07
NC,NC-SD-37,D,D,Safe,Sonja P. Nichols,Jeff Jackson,Jeff Scott,70717,1.59E-07
NC,NC-SD-38,D,D,Safe,Jack W. Brosch,Mujtaba Mohammed,FALSE,69780,1.61E-07
NC,NC-SD-39,FALSE,D,Safe,Joshua Niday,DeAndrea Salvador,FALSE,72353,1.55E-07
NC,NC-SD-40,D,D,Safe,Bobbie Shields,Joyce Waddell,FALSE,63196,1.78E-07
NC,NC-SD-41,D,D,Safe,FALSE,Natasha Marcus,Christopher Cole,73969,1.52E-07
NC,NC-SD-42,FALSE,R,Safe,H. Dean Proctor,Tina R. Miles,FALSE,70912,2.74E-07
NC,NC-SD-43,R,R,Safe,Kathy Harrington,William Young,FALSE,75666,2.56E-07
NC,NC-SD-44,R,R,Safe,Ted Alexander,David Lee Lattimore,FALSE,71152,2.73E-07
NC,NC-SD-45,R,R,Safe,Deanna Ballard,Jeanne Supin,FALSE,77437,2.50E-07
NC,NC-SD-46,R,R,Safe,Warren Daniel,Michael Barrick,FALSE,72972,2.66E-07
NC,NC-SD-47,R,R,Safe,Ralph Hise,David Brian Wheeler,FALSE,72232,2.69E-07
NC,NC-SD-48,R,R,Safe,Chuck Edwards,Brian Caskey,FALSE,74546,2.60E-07
NC,NC-SD-49,FALSE,D,Safe,Bob Penland,Julie Mayfield,FALSE,79914,1.41E-07
NC,NC-SD-50,FALSE,R,Safe,Kevin Corbin,Victoria Fox,Clifton Ingram,78251,2.48E-07
NV,NV-HD-2,FALSE,FALSE,Toss-Up,TBA,TBA,Garrett LeDuff,24556,-1.62E-07
NV,NV-HD-4,D,D,Tilt,TBA,Connie Munk,FALSE,27680,-2.56E-07
NV,NV-HD-5,D,D,Likely,TBA,Brittney Miller,FALSE,22638,-5.29E-07
NV,NV-HD-6,FALSE,D,Safe,TBA,Shondra Summers-Armstrong,FALSE,14469,-4.23E-07
NV,NV-HD-7,FALSE,D,Safe,Tony Palmer,TBA,FALSE,19996,-3.06E-07
NV,NV-HD-8,D,D,Safe,Eddie Facey,Jason Frierson,FALSE,24329,-2.51E-07
NV,NV-HD-9,D,D,Safe,Barbara Altman,Steve Yeager,FALSE,27286,-2.24E-07
NV,NV-HD-10,FALSE,D,Safe,Chris Hisgen,TBA,Jonathan Friedrich,18829,-3.25E-07
NV,NV-HD-11,R,D,Safe,Eric Krattiger,Beatrice Duran,FALSE,13329,-4.59E-07
NV,NV-HD-12,D,D,Safe,Jeremy Graves,Susan Martinez,John Cardiff Gerhardt,23755,-2.57E-07
NV,NV-HD-14,FALSE,D,Safe,FALSE,TBA,Robert Wayerski,17891,-3.42E-07
NV,NV-HD-15,FALSE,D,Safe,Stan Vaughan,TBA,FALSE,18790,-3.26E-07
NV,NV-HD-16,FALSE,D,Safe,Reyna Sajdak,TBA,FALSE,18418,-3.32E-07
NV,NV-HD-17,FALSE,D,Safe,TBA,Claire Thomas,FALSE,24071,-2.54E-07
NV,NV-HD-21,FALSE,D,Likely,Cherlyn Arrington,TBA,FALSE,24103,-4.96E-07
NV,NV-HD-23,R,R,Safe,Glen Leavitt,Brent Foutz,Bill Hoge,28500,-4.39E-09
NV,NV-HD-26,R,R,Safe,Lisa Krasner,Dale Conner,FALSE,25137,-4.98E-09
NV,NV-HD-27,D,D,Safe,Barb Hawn,Teresa Benitez-Thompson,FALSE,22820,-2.68E-07
NV,NV-HD-28,D,D,Safe,FALSE,Edgar Flores,Natasha Bousley,14041,-4.36E-07
NV,NV-HD-29,D,D,Lean,TBA,Lesley Cohen,Bruce Newman,25787,-4.05E-07
NV,NV-HD-30,FALSE,D,Safe,Randy Moff,TBA,Charlene Young,22264,-2.75E-07
NV,NV-HD-31,D,D,Lean,TBA,Skip Daly,FALSE,24814,-4.21E-07
NV,NV-HD-32,FALSE,R,Safe,Alexis Hansen,Paula Povilaitis,FALSE,23347,-5.36E-09
NV,NV-HD-34,D,D,Safe,Jay Thomas Carlson,Shannon Bilbray-Axelrod,FALSE,22507,-2.72E-07
NV,NV-HD-35,D,D,Likely,TBA,Michelle Gorelow,Phil Paleracio,29233,-4.09E-07
NV,NV-HD-37,D,D,Tilt,TBA,Shea Backus,FALSE,26156,-2.71E-07
NV,NV-HD-39,R,R,Safe,Jim Wheeler,Deborah Chang,Dave Jones,25240,-4.96E-09
NV,NV-HD-40,FALSE,R,Safe,TBA,TBA,FALSE,23507,-5.33E-09
NV,NV-HD-41,D,D,Likely,Erika Smith,Sandra Jauregui,Victoria DaCosta,27643,-4.33E-07
NV,NV-HD-42,FALSE,D,Safe,FALSE,Alexander Assefa,"Liz Delsignore, SM Zaidi",21399,-2.86E-07
NV,NV-SD-4,FALSE,D,Safe,Esper M. Hickman,Dina Neal,FALSE,34464,-1.89E-06
NV,NV-SD-5,FALSE,D,Tilt,TBA,Kristee Watson,Tim Hagan,49891,-1.17E-06
NV,NV-SD-6,D,D,Lean,April Becker,Nicole Cannizzaro,FALSE,48662,-1.66E-06
NV,NV-SD-11,D,D,Safe,Joshua Dowden,Dallas Harris,FALSE,45728,-1.42E-06
NV,NV-SD-15,R,R,Lean,Heidi S. Gansert,Wendy Jauregui-Jackins,Catana Barnes,48583,-2.15E-07
NV,NV-SD-18,R,R,Likely,Scott Hammond,TBA,FALSE,52294,-8.62E-08
NV,NV-SD-19,FALSE,R,Safe,Pete Goicoechea,FALSE,Tiffany Seeback,51481,-2.23E-08